,computerID,characteristica_class,exp_duration,energy,power_avg,method
0,DK1081249,cpu,20224.0,563.9544400000015,27.9061032213371,External
1,DK1081249,cpu,20349.0,569.1029199999982,27.983621969808635,External
2,DK1081249,cpu,20343.0,571.6500600000003,28.113015638831527,External
3,DK1081249,cpu,20297.0,567.0102150000006,27.953570055215962,External
4,DK1081249,cpu,20308.0,573.1503199999989,28.24096181325444,External
5,DK1081249,cpu,20372.0,572.6304799999996,28.133559988208685,External
6,DK1081249,cpu,20281.0,540.3918050000019,27.67124814378626,External
7,DK1081249,cpu,20265.0,561.217014999999,27.69800686013222,External
8,DK1081249,cpu,20274.0,571.3360499999975,28.196024774218895,External
9,DK1081249,cpu,20258.0,568.7565300000009,28.10756263899189,External
10,DK1081249,cpu,20314.0,562.3120499999977,27.723317556574358,External
11,DK1081249,cpu,20317.0,568.2488199999976,27.982903432313865,External
12,DK1081249,cpu,20262.0,551.5859000000006,27.245537169671554,External
13,DK1081249,cpu,20348.0,566.6051799999998,27.858064801612656,External
14,DK1081249,cpu,20336.0,571.971854999999,28.131608056265932,External
15,DK1081249,cpu,20238.0,562.165275,27.81757014201593,External
16,DK1081249,cpu,20283.0,572.154690000002,28.228066998865362,External
17,DK1081249,cpu,20295.0,565.9999800000012,27.90101449275368,External
18,DK1081249,cpu,20252.0,570.9803449999984,28.2063105764955,External
19,DK1081249,cpu,20378.0,565.0767500000044,27.743359681854106,External
20,DK1081249,cpu,20279.0,567.397774999999,27.989235151933656,External
21,DK1081249,cpu,20223.0,558.9429099999984,27.655381228044057,External
22,DK1081249,cpu,20259.0,559.9720399999975,27.657037585815058,External
23,DK1081249,cpu,20287.0,562.6282350000015,27.741641684335168,External
24,DK1081249,cpu,20247.0,564.3695849999998,27.879740404090295,External
25,DK1081249,cpu,20269.0,561.8867800000004,27.724220654265576,External
26,DK1081249,cpu,20362.0,572.2684500000006,28.125446011697083,External
27,DK1081249,cpu,20268.0,566.7975550000019,27.973425871088832,External
28,DK1081249,cpu,20311.0,542.9266300000021,28.464225123204468,External
29,DK1081249,cpu,20234.0,561.3396750000018,27.765725626947706,External
30,DK1081249,cpu,20310.0,573.2674350000003,28.22865053181014,External
31,DK1081249,cpu,20327.0,569.1708050000011,28.018647484493506,External
32,DK1081249,cpu,20346.0,540.6660499999992,28.227318053670214,External
33,DK1081249,cpu,20224.0,569.0791399999994,28.148545283672128,External
34,DK1081249,cpu,20239.0,562.176030000001,27.785105026442,External
35,DK1081249,memory,22857.0,646.6952649999988,28.301762144420078,External
36,DK1081249,memory,23181.0,650.4314699999985,28.06850515686353,External
37,DK1081249,memory,23063.0,629.0411949999982,27.285555435065422,External
38,DK1081249,memory,22638.0,641.0781000000032,28.333691328560207,External
39,DK1081249,memory,23036.0,638.3560949999993,27.72447752442994,External
40,DK1081249,memory,22268.0,622.84689,27.99060264245911,External
41,DK1081249,memory,22709.0,631.7934249999998,27.834761873292795,External
42,DK1081249,memory,23174.0,642.9345000000004,27.76055699481867,External
43,DK1081249,memory,23451.0,652.3504999999953,27.825904282545444,External
44,DK1081249,memory,22947.0,642.6789000000007,28.01198186810795,External
45,DK1081249,memory,23363.0,658.8879149999964,28.21668943514181,External
46,DK1081249,memory,22856.0,635.8608000000014,27.82760612691472,External
47,DK1081249,memory,23197.0,643.2776949999991,27.741836079006344,External
48,DK1081249,memory,22843.0,633.5534399999991,27.743625853914835,External
49,DK1081249,memory,22925.0,637.8061899999984,27.833567095788716,External
50,DK1081249,memory,22958.0,637.2640949999989,27.777181370412293,External
51,DK1081249,memory,23415.0,650.7902649999986,27.813927045046526,External
52,DK1081249,memory,22723.0,605.6044599999987,28.268891378424996,External
53,DK1081249,memory,23224.0,657.4265649999982,28.316602704914423,External
54,DK1081249,memory,22574.0,631.3668100000006,27.98363664568746,External
55,DK1081249,memory,23481.0,650.850804999996,27.718189387163914,External
56,DK1081249,memory,23339.0,635.2522199999999,28.45857091658453,External
57,DK1081249,memory,23286.0,651.0007099999978,27.978369864191066,External
58,DK1081249,memory,23178.0,649.145244999997,28.025093683892283,External
59,DK1081249,memory,23243.0,645.092684999997,27.77698436961751,External
60,DK1081249,memory,23728.0,663.6073249999976,27.97787954804155,External
61,DK1081249,memory,22755.0,639.8726449999991,28.13368998417161,External
62,DK1081249,memory,22656.0,638.7542049999981,28.201068653421554,External
63,DK1081249,memory,23071.0,641.5889999999977,27.812944338477443,External
64,DK1081249,memory,23004.0,646.4702399999986,28.126968325791793,External
65,DK1081249,memory,23482.0,662.7257699999965,28.22511797274261,External
66,DK1081249,memory,23026.0,639.8877349999981,27.79582707093515,External
67,DK1081249,memory,23442.0,654.2472499999981,27.911572098976027,External
68,DK1081249,memory,22785.0,640.8765649999983,28.164208525598696,External
69,DK1081249,memory,23371.0,646.170125,27.654289352049986,External
0,DK1081249,cpu,20296.5,749.8594360351561,36.945258346766984,RAPL
1,DK1081249,cpu,20398.4,450.17291259765625,22.069030541496204,RAPL
2,DK1081249,cpu,20244.8,418.6485595703125,20.67931318512964,RAPL
3,DK1081249,cpu,20418.0,415.8416748046875,20.36642544836358,RAPL
4,DK1081249,cpu,20353.9,416.5667114257813,20.466186402889925,RAPL
5,DK1081249,cpu,20332.8,417.2369995117188,20.52039067475797,RAPL
6,DK1081249,cpu,20388.2,420.2471923828125,20.612275354509592,RAPL
7,DK1081249,cpu,20253.9,414.8859252929688,20.484248727058432,RAPL
8,DK1081249,cpu,20315.1,417.8614501953125,20.569007792002626,RAPL
9,DK1081249,cpu,20269.0,416.3132934570313,20.539409613549328,RAPL
10,DK1081249,cpu,20310.0,417.3364868164063,20.548325298690614,RAPL
11,DK1081249,cpu,20519.7,420.38482666015625,20.4868895091135,RAPL
12,DK1081249,cpu,20387.8,417.61059570312494,20.48335748355021,RAPL
13,DK1081249,cpu,20270.1,417.3514404296875,20.589510679754294,RAPL
14,DK1081249,cpu,20264.1,411.16741943359375,20.290435767371548,RAPL
15,DK1081249,cpu,20288.8,416.9802856445313,20.552239937528654,RAPL
16,DK1081249,cpu,20275.5,415.13525390625,20.474723380742766,RAPL
17,DK1081249,cpu,20454.7,414.8889770507813,20.28330784860112,RAPL
18,DK1081249,cpu,20295.1,415.0604248046875,20.451262856782552,RAPL
19,DK1081249,cpu,20307.9,414.44702148437506,20.40816733804948,RAPL
20,DK1081249,cpu,20280.0,413.9124145507813,20.40988237429888,RAPL
21,DK1081249,cpu,20244.7,413.03717041015625,20.40223714898992,RAPL
22,DK1081249,cpu,20306.5,414.443359375,20.409394005613965,RAPL
23,DK1081249,cpu,20367.7,417.1892700195313,20.482885648331983,RAPL
24,DK1081249,cpu,20391.3,416.6590576171875,20.433177758023646,RAPL
25,DK1081249,cpu,20274.0,414.0735473632813,20.423870344445167,RAPL
26,DK1081249,cpu,20259.2,411.69677734375,20.321472582518066,RAPL
27,DK1081249,cpu,20346.6,413.00091552734375,20.29827664215858,RAPL
28,DK1081249,cpu,20344.5,415.41058349609375,20.418815084966145,RAPL
29,DK1081249,cpu,20311.9,414.2228393554688,20.393111395559686,RAPL
30,DK1081249,cpu,20356.2,416.26116943359375,20.448864200272826,RAPL
31,DK1081249,cpu,20215.6,412.3670654296875,20.398457895372264,RAPL
32,DK1081249,cpu,20379.1,414.3572998046875,20.332463151203317,RAPL
33,DK1081249,cpu,20316.8,414.93792724609375,20.423389866814347,RAPL
34,DK1081249,cpu,20213.9,413.6730346679688,20.464780901655235,RAPL
35,DK1081249,cpu,20603.2,418.5968017578125,20.317077044236452,RAPL
36,DK1081249,cpu,20263.3,414.5025024414063,20.45582419652309,RAPL
37,DK1081249,cpu,20287.1,413.67572021484375,20.39107216974549,RAPL
38,DK1081249,cpu,20265.7,414.43334960937506,20.449989371666167,RAPL
39,DK1081249,cpu,20303.0,412.41595458984375,20.313054947044463,RAPL
40,DK1081249,cpu,20357.8,412.99169921875,20.28665667305652,RAPL
41,DK1081249,cpu,20293.8,406.2996826171875,20.02087744124745,RAPL
42,DK1081249,cpu,20257.8,413.0953369140625,20.391915060572348,RAPL
43,DK1081249,cpu,20329.3,408.0118408203125,20.070137231498993,RAPL
44,DK1081249,cpu,20286.6,392.80462646484375,19.362762930448856,RAPL
45,DK1081249,cpu,20217.0,406.9976196289063,20.131454697972316,RAPL
46,DK1081249,cpu,20323.3,409.4051513671875,20.14461978946271,RAPL
47,DK1081249,cpu,20332.7,399.3359375,19.640084076389265,RAPL
48,DK1081249,cpu,20357.4,406.62799072265625,19.97445600728267,RAPL
49,DK1081249,cpu,20412.5,404.03491210937506,19.793504573637478,RAPL
50,DK1081249,cpu,20217.8,402.3016357421875,19.898388338107384,RAPL
51,DK1081249,cpu,20280.4,396.5400390625,19.552870705829275,RAPL
52,DK1081249,cpu,20309.4,393.85833740234375,19.392908574470134,RAPL
53,DK1081249,cpu,20329.1,396.1097412109375,19.484863629523076,RAPL
54,DK1081249,cpu,20250.6,397.3010864257813,19.61922542669261,RAPL
55,DK1081249,cpu,20401.0,398.71038818359375,19.54366884876201,RAPL
56,DK1081249,cpu,20258.4,394.6239013671875,19.479519674169108,RAPL
57,DK1081249,cpu,20426.0,395.06390380859375,19.341227054175747,RAPL
58,DK1081249,cpu,20330.4,386.9321899414063,19.032197592836653,RAPL
59,DK1081249,cpu,20246.9,393.8298950195313,19.45136761773562,RAPL
60,DK1081249,cpu,20572.2,388.7034912109375,18.894600053029695,RAPL
61,DK1081249,cpu,20316.6,392.18579101562494,19.303711793096532,RAPL
62,DK1081249,cpu,20304.3,382.99462890625,18.862734933302306,RAPL
63,DK1081249,cpu,20401.0,391.51861572265625,19.19114826345063,RAPL
64,DK1081249,cpu,20280.8,387.0154418945313,19.082848896223588,RAPL
65,DK1081249,cpu,20242.3,385.1529541015625,19.027133976947407,RAPL
66,DK1081249,cpu,20295.6,384.84619140625,18.96205046444796,RAPL
67,DK1081249,cpu,20381.5,385.5382690429688,18.91608905345381,RAPL
68,DK1081249,cpu,20283.3,381.9497680664063,18.830750817983578,RAPL
69,DK1081249,cpu,20313.6,380.3981323242188,18.726278568260618,RAPL
70,DK1081249,cpu,20470.9,387.3562622070313,18.922287843086103,RAPL
71,DK1081249,cpu,20306.5,382.7130737304688,18.846826076895024,RAPL
72,DK1081249,cpu,20339.7,379.8313598632813,18.674383587923188,RAPL
73,DK1081249,cpu,20247.8,382.1978759765625,18.876019912117,RAPL
74,DK1081249,cpu,20258.0,378.20062255859375,18.669198467696404,RAPL
75,DK1081249,cpu,20330.3,383.01049804687506,18.839392337883606,RAPL
76,DK1081249,cpu,20411.7,378.57073974609375,18.54675209542046,RAPL
77,DK1081249,cpu,20507.7,382.64013671875,18.65836425921727,RAPL
78,DK1081249,cpu,20274.6,383.0836181640625,18.8947559095648,RAPL
79,DK1081249,cpu,20272.9,378.9653930664063,18.693200926675825,RAPL
80,DK1081249,cpu,20287.6,376.84710693359375,18.57524334734487,RAPL
81,DK1081249,cpu,20673.6,384.8052368164063,18.61336374972943,RAPL
82,DK1081249,cpu,20330.9,380.9050903320313,18.73527932024806,RAPL
83,DK1081249,cpu,20300.8,377.6785888671875,18.60412342701704,RAPL
84,DK1081249,cpu,20520.3,375.43798828125,18.295930774952122,RAPL
85,DK1081249,cpu,20544.3,380.0475463867188,18.498928967485814,RAPL
86,DK1081249,cpu,20332.6,373.67962646484375,18.37834937316643,RAPL
87,DK1081249,cpu,20526.9,373.1087646484375,18.176576329033487,RAPL
88,DK1081249,cpu,20402.4,374.6448364257813,18.362782634679316,RAPL
89,DK1081249,cpu,20438.3,381.4910888671875,18.6655000106265,RAPL
90,DK1081249,cpu,20356.9,374.0343017578125,18.373834019807163,RAPL
91,DK1081249,cpu,20300.8,373.93920898437506,18.419924780519736,RAPL
92,DK1081249,cpu,20223.9,365.25384521484375,18.060504908293836,RAPL
93,DK1081249,cpu,20395.0,373.3826293945313,18.30755721473554,RAPL
94,DK1081249,cpu,20243.5,370.0316162109375,18.279033576749942,RAPL
95,DK1081249,cpu,20378.1,376.88421630859375,18.494570951589882,RAPL
96,DK1081249,cpu,20257.0,366.18115234375,18.076771108443992,RAPL
97,DK1081249,cpu,20425.9,371.2420654296875,18.175065256839964,RAPL
98,DK1081249,cpu,20493.1,365.69866943359375,17.84496583892109,RAPL
99,DK1081249,cpu,20302.0,375.2059326171875,18.481230056998694,RAPL
100,DK1081249,cpu,20295.1,366.77435302734375,18.072064342000964,RAPL
101,DK1081249,cpu,20355.1,370.23803710937506,18.188956925260747,RAPL
102,DK1081249,cpu,20234.2,366.94537353515625,18.134908893613595,RAPL
103,DK1081249,cpu,20364.5,373.56079101562494,18.343725159744896,RAPL
104,DK1081249,cpu,20277.6,365.42944335937506,18.02133602395624,RAPL
105,DK1081249,cpu,20356.6,368.0123901367188,18.078283708316654,RAPL
106,DK1081249,cpu,20317.1,364.6867065429688,17.949742165120455,RAPL
107,DK1081249,cpu,20423.6,369.89477539062494,18.111144724271185,RAPL
108,DK1081249,cpu,20213.0,364.33569335937506,18.024820331438928,RAPL
109,DK1081249,cpu,20561.6,373.19653320312494,18.150169889654745,RAPL
110,DK1081249,cpu,20290.9,366.69091796875,18.071693121978324,RAPL
111,DK1081249,cpu,20390.2,360.14434814453125,17.662619696939277,RAPL
112,DK1081249,cpu,20353.6,371.7218017578125,18.26319676901445,RAPL
113,DK1081249,cpu,20254.6,366.2999877929688,18.08478013848552,RAPL
114,DK1081249,cpu,20414.0,365.04125976562494,17.88190750296977,RAPL
115,DK1081249,cpu,20259.7,365.90234375,18.0606002926993,RAPL
116,DK1081249,cpu,20296.9,367.7647705078125,18.119258138327158,RAPL
117,DK1081249,cpu,20513.9,368.8955078125,17.98270966576321,RAPL
118,DK1081249,cpu,20397.9,369.3372802734375,18.106632558912313,RAPL
119,DK1081249,cpu,20262.8,368.49407958984375,18.185743312367677,RAPL
120,DK1081249,cpu,20480.1,366.115234375,17.87663314021904,RAPL
121,DK1081249,cpu,20318.6,366.3603515625,18.03078713900072,RAPL
122,DK1081249,cpu,20678.7,369.0827026367188,17.848448047349148,RAPL
123,DK1081249,cpu,20271.0,367.0662231445313,18.107948455652473,RAPL
124,DK1081249,cpu,20296.0,367.8692626953125,18.12521002637527,RAPL
125,DK1081249,cpu,20276.3,366.4049682617188,18.07060303219615,RAPL
126,DK1081249,cpu,20370.9,364.72900390625,17.904412858845212,RAPL
127,DK1081249,cpu,20346.2,362.45849609375,17.814554860059864,RAPL
128,DK1081249,cpu,20216.0,358.97821044921875,17.757133480867566,RAPL
129,DK1081249,cpu,20423.5,371.43792724609375,18.186791061575818,RAPL
130,DK1081249,cpu,20320.4,362.47650146484375,17.8380593622588,RAPL
131,DK1081249,cpu,20243.4,359.5670166015625,17.762185038163672,RAPL
132,DK1081249,cpu,20555.3,364.06439208984375,17.711460892803498,RAPL
133,DK1081249,cpu,20425.1,366.70355224609375,17.953574388673438,RAPL
134,DK1081249,cpu,20276.1,360.9935302734375,17.803893760310785,RAPL
135,DK1081249,cpu,20252.8,360.94427490234375,17.821944368301853,RAPL
136,DK1081249,cpu,20508.7,364.90814208984375,17.792846064833157,RAPL
137,DK1081249,cpu,20315.2,364.4915771484375,17.941815839786834,RAPL
138,DK1081249,cpu,20373.4,362.611328125,17.798272655766834,RAPL
139,DK1081249,cpu,20366.2,360.05743408203125,17.67916617150137,RAPL
140,DK1081249,cpu,20297.2,358.5507202148437,17.665033611278584,RAPL
141,DK1081249,cpu,20369.1,364.88323974609375,17.913567106356872,RAPL
142,DK1081249,cpu,20309.2,360.29779052734375,17.740619548152747,RAPL
143,DK1081249,cpu,20299.7,361.3502197265625,17.800766500320815,RAPL
144,DK1081249,cpu,20331.4,359.4639892578125,17.680237920547157,RAPL
145,DK1081249,cpu,20270.6,359.43804931640625,17.73198865926052,RAPL
146,DK1081249,cpu,20334.2,358.84576416015625,17.64740015147664,RAPL
147,DK1081249,cpu,20303.7,361.31396484375,17.795473969953754,RAPL
148,DK1081249,cpu,20351.1,362.44769287109375,17.80973475001812,RAPL
149,DK1081249,cpu,20321.3,362.52581787109375,17.839696174511165,RAPL
150,DK1081249,cpu,20300.2,362.4663696289063,17.855310274229137,RAPL
151,DK1081249,cpu,20404.9,362.44183349609375,17.76249006346974,RAPL
152,DK1081249,cpu,20297.3,360.08795166015625,17.740682340023366,RAPL
153,DK1081249,cpu,20442.5,360.02587890625,17.611636488015165,RAPL
154,DK1081249,cpu,20571.2,360.5931396484375,17.52902794433176,RAPL
155,DK1081249,cpu,20316.5,365.19482421875,17.97528236747225,RAPL
156,DK1081249,cpu,20310.6,356.0887451171875,17.53216276807123,RAPL
157,DK1081249,cpu,20482.5,361.7962036132813,17.66367404434426,RAPL
158,DK1081249,cpu,20304.2,363.2777099609375,17.891751950874077,RAPL
159,DK1081249,cpu,20392.7,358.409423828125,17.575378631967567,RAPL
160,DK1081249,cpu,20352.3,363.31256103515625,17.851179524434894,RAPL
161,DK1081249,cpu,20266.5,361.5208740234375,17.838347717831766,RAPL
162,DK1081249,cpu,20311.2,357.1029663085937,17.581578947014144,RAPL
163,DK1081249,cpu,20271.3,357.6917724609375,17.645231063668216,RAPL
164,DK1081249,cpu,20408.0,360.46820068359375,17.6630831381612,RAPL
165,DK1081249,cpu,20356.4,359.39312744140625,17.65504349695458,RAPL
166,DK1081249,cpu,20311.4,360.9147338867188,17.769072239565897,RAPL
167,DK1081249,cpu,20291.5,360.7879638671875,17.780251034531084,RAPL
168,DK1081249,cpu,20914.4,366.09124755859375,17.50426727798042,RAPL
169,DK1081249,cpu,20275.9,363.9632568359375,17.950535208594317,RAPL
170,DK1081249,cpu,20334.3,360.3341064453125,17.72050704697543,RAPL
171,DK1081249,cpu,20258.1,359.8602294921875,17.76377002246941,RAPL
172,DK1081249,cpu,20584.8,364.3570556640625,17.7002961245221,RAPL
173,DK1081249,cpu,20322.2,359.827392578125,17.70612397172181,RAPL
174,DK1081249,cpu,20436.7,359.417236328125,17.58685288369086,RAPL
175,DK1081249,cpu,20293.6,358.10968017578125,17.646434352494445,RAPL
176,DK1081249,cpu,20310.5,360.39849853515625,17.744442457603515,RAPL
177,DK1081249,cpu,20358.4,358.0091552734375,17.585328673836717,RAPL
178,DK1081249,cpu,20247.5,360.6046752929688,17.80983703138505,RAPL
179,DK1081249,cpu,20452.3,360.7241821289063,17.637340647697634,RAPL
180,DK1081249,cpu,20276.0,356.4671630859375,17.58074388863373,RAPL
181,DK1081249,cpu,20343.0,353.19647216796875,17.3620642072442,RAPL
182,DK1081249,cpu,20329.6,356.68780517578125,17.545244627330653,RAPL
183,DK1081249,cpu,20277.9,357.76568603515625,17.643132969151452,RAPL
184,DK1081249,cpu,20381.0,357.1187744140625,17.52214191718083,RAPL
185,DK1081249,cpu,20443.0,357.9249267578125,17.508434513418408,RAPL
186,DK1081249,cpu,20307.5,354.63433837890625,17.463219912786222,RAPL
187,DK1081249,cpu,20371.2,359.9669189453125,17.670383627145796,RAPL
188,DK1081249,cpu,20309.1,360.026123046875,17.727330263127122,RAPL
189,DK1081249,cpu,20280.5,359.6246337890625,17.732532915315822,RAPL
190,DK1081249,cpu,20319.8,360.118896484375,17.722561072666807,RAPL
191,DK1081249,cpu,20352.5,359.5098876953125,17.664163503024813,RAPL
192,DK1081249,cpu,20442.6,361.18212890625,17.668111145659065,RAPL
193,DK1081249,cpu,20266.6,352.0455322265625,17.37072484908976,RAPL
194,DK1081249,cpu,20264.0,354.250732421875,17.481777162548116,RAPL
195,DK1081249,cpu,20308.9,353.896728515625,17.425696542679564,RAPL
196,DK1081249,cpu,20395.1,357.5794677734375,17.532616548751292,RAPL
197,DK1081249,cpu,20456.9,354.44952392578125,17.326648902120127,RAPL
198,DK1081249,cpu,20314.9,358.51666259765625,17.647965906682103,RAPL
199,DK1081249,cpu,20377.0,359.615966796875,17.648131069189528,RAPL
200,DK1081249,cpu,20333.1,357.10382080078125,17.562684529205153,RAPL
201,DK1081249,cpu,20287.6,356.4403076171875,17.569367870876178,RAPL
202,DK1081249,cpu,20264.7,352.0194091796875,17.371064421367574,RAPL
203,DK1081249,cpu,20311.5,358.9283447265625,17.67118847581727,RAPL
204,DK1081249,cpu,20308.7,354.78375244140625,17.46954519203131,RAPL
205,DK1081249,cpu,20280.9,354.4669189453125,17.47786927332182,RAPL
206,DK1081249,cpu,20321.9,358.07049560546875,17.61993197513366,RAPL
207,DK1081249,cpu,20435.5,355.560791015625,17.39917256811064,RAPL
208,DK1081249,cpu,20224.2,342.6107177734375,16.940631410559504,RAPL
209,DK1081249,cpu,20367.1,356.26824951171875,17.4923405645241,RAPL
210,DK1081249,cpu,20364.5,361.2183837890625,17.737650508927914,RAPL
211,DK1081249,cpu,20273.7,359.70477294921875,17.74243344575577,RAPL
212,DK1081249,cpu,20240.6,356.61700439453125,17.6188949139122,RAPL
213,DK1081249,cpu,20403.6,352.9163818359375,17.29677026779282,RAPL
214,DK1081249,cpu,20244.8,349.37713623046875,17.257623499884847,RAPL
215,DK1081249,cpu,20373.5,356.26727294921875,17.48679770040586,RAPL
216,DK1081249,cpu,20345.9,357.1405639648437,17.55344142873226,RAPL
217,DK1081249,cpu,20458.4,356.01177978515625,17.401741083621214,RAPL
218,DK1081249,cpu,20288.4,354.56549072265625,17.476266769319228,RAPL
219,DK1081249,cpu,20291.5,358.525146484375,17.66873550424439,RAPL
220,DK1081249,cpu,20425.6,351.77496337890625,17.22225850789726,RAPL
221,DK1081249,cpu,20283.2,356.43475341796875,17.57290533140573,RAPL
222,DK1081249,cpu,20346.6,358.7919311523437,17.633999348900737,RAPL
223,DK1081249,cpu,20545.9,355.651123046875,17.310077584670175,RAPL
224,DK1081249,cpu,20458.0,353.18634033203125,17.26397205650754,RAPL
225,DK1081249,cpu,20233.1,358.3768310546875,17.712403490057753,RAPL
226,DK1081249,cpu,20346.0,357.62481689453125,17.577156045145543,RAPL
227,DK1081249,cpu,20319.6,354.0907592773437,17.42606937525068,RAPL
228,DK1081249,cpu,20601.6,359.361083984375,17.44335799085387,RAPL
229,DK1081249,cpu,20566.6,360.1715087890625,17.512447793464283,RAPL
230,DK1081249,cpu,20449.9,348.2061767578125,17.02728017045621,RAPL
231,DK1081249,cpu,20349.6,361.6255493164063,17.77064656388363,RAPL
232,DK1081249,cpu,20330.6,350.7513427734375,17.25238521113187,RAPL
233,DK1081249,cpu,20264.5,356.970947265625,17.615581300581063,RAPL
234,DK1081249,cpu,20496.6,354.43438720703125,17.292350302344353,RAPL
235,DK1081249,cpu,20252.0,355.1844482421875,17.538240580791403,RAPL
236,DK1081249,cpu,20489.5,352.89215087890625,17.223072836277424,RAPL
237,DK1081249,cpu,20332.6,354.922607421875,17.455839755952265,RAPL
238,DK1081249,cpu,20268.0,351.7391967773437,17.354410735017943,RAPL
239,DK1081249,cpu,20354.6,353.9754638671875,17.390440680101182,RAPL
240,DK1081249,cpu,20313.0,353.75958251953125,17.415427682741658,RAPL
241,DK1081249,cpu,20378.7,355.5819091796875,17.448704244121924,RAPL
242,DK1081249,cpu,20307.8,352.3148193359375,17.348743799719195,RAPL
243,DK1081249,cpu,20326.7,353.72491455078125,17.401984313773568,RAPL
244,DK1081249,cpu,20266.1,354.696044921875,17.501938948385483,RAPL
245,DK1081249,cpu,20437.6,354.44171142578125,17.342628852007145,RAPL
246,DK1081249,cpu,20336.7,355.6650390625,17.488827541464445,RAPL
247,DK1081249,cpu,20274.3,351.06671142578125,17.3158487062824,RAPL
248,DK1081249,cpu,20363.0,355.04302978515625,17.43569364951904,RAPL
249,DK1081249,cpu,20351.5,353.76324462890625,17.382661947714233,RAPL
250,DK1081249,cpu,20286.8,353.859375,17.442838446674685,RAPL
251,DK1081249,cpu,20294.5,351.69793701171875,17.329716771131032,RAPL
252,DK1081249,cpu,20294.2,338.29815673828125,16.669696599929104,RAPL
253,DK1081249,cpu,20364.9,363.7164306640625,17.859966445406677,RAPL
254,DK1081249,cpu,20322.8,353.8572998046875,17.411837926107008,RAPL
255,DK1081249,cpu,20447.7,356.059326171875,17.413172443447184,RAPL
256,DK1081249,cpu,20538.8,361.35791015625,17.59391542622987,RAPL
257,DK1081249,cpu,20597.0,353.9183349609375,17.18300407636731,RAPL
258,DK1081249,cpu,20306.2,356.39031982421875,17.550813043514726,RAPL
259,DK1081249,cpu,20300.8,353.04473876953125,17.390681094810613,RAPL
260,DK1081249,cpu,20369.2,355.3578491210937,17.445842208878783,RAPL
261,DK1081249,cpu,20443.2,360.9647216796875,17.65695789698714,RAPL
262,DK1081249,cpu,20350.8,353.069091796875,17.349150490244856,RAPL
263,DK1081249,cpu,20350.9,354.17498779296875,17.403406620491904,RAPL
264,DK1081249,cpu,20426.0,348.47918701171875,17.060569226070633,RAPL
265,DK1081249,cpu,20283.3,355.9174194335937,17.547313279081497,RAPL
266,DK1081249,cpu,20617.1,359.63629150390625,17.44359252775154,RAPL
267,DK1081249,cpu,20296.4,350.97198486328125,17.292326957651664,RAPL
268,DK1081249,cpu,20592.3,357.81884765625,17.37634201406594,RAPL
269,DK1081249,cpu,20314.3,357.23419189453125,17.585355729438437,RAPL
270,DK1081249,cpu,20398.0,357.5860595703125,17.530447081591944,RAPL
271,DK1081249,cpu,20219.7,351.87762451171875,17.40271242954736,RAPL
272,DK1081249,cpu,20538.5,359.2054443359375,17.489370905175036,RAPL
273,DK1081249,cpu,20275.5,353.1043701171875,17.41532243925859,RAPL
274,DK1081249,cpu,20365.4,354.06622314453125,17.385674877219756,RAPL
275,DK1081249,cpu,20630.2,356.51025390625,17.28098874011158,RAPL
276,DK1081249,cpu,20358.4,352.3831787109375,17.30898197849229,RAPL
277,DK1081249,cpu,20337.9,356.7718505859375,17.54221677685196,RAPL
278,DK1081249,cpu,20331.1,351.4644775390625,17.28703697975331,RAPL
279,DK1081249,cpu,20274.3,358.1390380859375,17.66468080702848,RAPL
280,DK1081249,cpu,20445.7,356.67205810546875,17.44484454459709,RAPL
281,DK1081249,cpu,20454.7,355.3250732421875,17.371316775224642,RAPL
282,DK1081249,cpu,20352.8,353.9423217773437,17.390350309409207,RAPL
283,DK1081249,cpu,20432.7,356.26483154296875,17.43601342666259,RAPL
284,DK1081249,cpu,20289.0,353.72869873046875,17.434506320196597,RAPL
285,DK1081249,cpu,20318.2,353.0435791015625,17.375731073695626,RAPL
286,DK1081249,cpu,20295.5,352.6713256835937,17.376823713808168,RAPL
287,DK1081249,cpu,20320.1,357.5137939453125,17.594096187780202,RAPL
288,DK1081249,cpu,20214.0,345.63446044921875,17.098766223865578,RAPL
289,DK1081249,cpu,20339.1,352.2022705078125,17.31651206335642,RAPL
290,DK1081249,cpu,20351.5,358.297607421875,17.60546433539911,RAPL
291,DK1081249,cpu,20341.5,353.0113525390625,17.354243912153112,RAPL
292,DK1081249,cpu,20352.8,359.07684326171875,17.642626236277994,RAPL
293,DK1081249,cpu,20302.2,349.6557006835937,17.222552269389215,RAPL
294,DK1081249,cpu,20448.9,360.5969848632813,17.63405292525668,RAPL
295,DK1081249,cpu,20434.9,352.052490234375,17.22800161656651,RAPL
296,DK1081249,cpu,20320.2,351.81854248046875,17.3137342388593,RAPL
297,DK1081249,cpu,20432.0,354.70947265625,17.360487111210357,RAPL
298,DK1081249,cpu,20260.8,349.83746337890625,17.266715202702077,RAPL
299,DK1081249,cpu,20342.8,353.11993408203125,17.35847248569672,RAPL
300,DK1081249,cpu,20349.1,352.37158203125,17.316322689025558,RAPL
301,DK1081249,cpu,20325.2,350.84259033203125,17.261458206169248,RAPL
302,DK1081249,cpu,20300.9,355.271240234375,17.50027044290524,RAPL
303,DK1081249,cpu,20331.0,353.23260498046875,17.37408907483492,RAPL
304,DK1081249,cpu,20295.3,354.3275756835937,17.458602518001392,RAPL
305,DK1081249,cpu,20266.4,354.6356201171875,17.49869834391838,RAPL
306,DK1081249,cpu,20321.5,354.28765869140625,17.434129305976736,RAPL
307,DK1081249,cpu,20536.0,354.54498291015625,17.264558965239395,RAPL
308,DK1081249,cpu,20334.0,354.90899658203125,17.45396855424566,RAPL
309,DK1081249,cpu,20312.3,352.304443359375,17.344389525527635,RAPL
310,DK1081249,cpu,20355.3,353.4605712890625,17.364547380243106,RAPL
311,DK1081249,cpu,20364.5,353.08233642578125,17.338129412741843,RAPL
312,DK1081249,cpu,20246.9,351.4412841796875,17.357782385436167,RAPL
313,DK1081249,cpu,20482.5,351.34942626953125,17.15363975440162,RAPL
314,DK1081249,cpu,20296.8,352.40020751953125,17.362353056616378,RAPL
315,DK1081249,cpu,20463.9,355.051513671875,17.350139204739808,RAPL
316,DK1081249,cpu,20475.9,350.34478759765625,17.110104444623005,RAPL
317,DK1081249,cpu,20569.0,355.038330078125,17.260845450830132,RAPL
318,DK1081249,cpu,20370.8,354.7948608398437,17.41683492252851,RAPL
319,DK1081249,cpu,20336.6,352.9637451171875,17.35608435614545,RAPL
320,DK1081249,cpu,20376.0,353.12451171875,17.3304138063776,RAPL
321,DK1081249,cpu,20396.4,346.8951416015625,17.007665156672868,RAPL
322,DK1081249,cpu,20340.8,355.34979248046875,17.469804161117988,RAPL
323,DK1081249,cpu,20311.4,353.63873291015625,17.410849715438435,RAPL
324,DK1081249,cpu,20297.1,354.19189453125,17.45036948782092,RAPL
325,DK1081249,cpu,20326.0,347.8271484375,17.112424896069072,RAPL
326,DK1081249,cpu,20526.5,353.76788330078125,17.234690926401544,RAPL
327,DK1081249,cpu,20296.5,351.97332763671875,17.341577495465657,RAPL
328,DK1081249,cpu,20258.4,350.94439697265625,17.32340150123683,RAPL
329,DK1081249,cpu,20401.7,350.3115234375,17.17070260995407,RAPL
330,DK1081249,cpu,20338.2,350.1976318359375,17.21871315238996,RAPL
331,DK1081249,cpu,20320.9,350.0277709960937,17.225013212805223,RAPL
332,DK1081249,cpu,20430.2,349.96881103515625,17.12997479394016,RAPL
333,DK1081249,cpu,20271.3,349.47412109375,17.239847523037497,RAPL
334,DK1081249,cpu,20509.5,354.9320678710937,17.30573967532576,RAPL
335,DK1081249,cpu,20430.7,352.939208984375,17.27494451900204,RAPL
336,DK1081249,cpu,20348.2,351.79278564453125,17.28864399035449,RAPL
337,DK1081249,cpu,20306.5,351.6439208984375,17.316815842141065,RAPL
338,DK1081249,cpu,20406.7,352.21441650390625,17.259743932331354,RAPL
339,DK1081249,cpu,20536.0,350.818603515625,17.08310301497979,RAPL
340,DK1081249,cpu,20225.3,354.7347412109375,17.53915844071225,RAPL
341,DK1081249,cpu,20296.1,346.77166748046875,17.08563061280092,RAPL
342,DK1081249,cpu,20522.9,350.6268310546875,17.084663037615908,RAPL
343,DK1081249,cpu,20238.4,350.7948608398437,17.33313210727348,RAPL
344,DK1081249,cpu,20416.1,345.5858764648437,16.927124987869558,RAPL
345,DK1081249,cpu,20249.5,354.842529296875,17.523520546032,RAPL
346,DK1081249,cpu,20355.6,353.0609741210937,17.34466063987766,RAPL
347,DK1081249,cpu,20622.1,349.657958984375,16.9554972085469,RAPL
348,DK1081249,cpu,20723.7,354.592529296875,17.11048361522677,RAPL
349,DK1081249,cpu,20352.6,355.15869140625,17.450286027645117,RAPL
350,DK1081249,cpu,20330.2,349.57623291015625,17.194923459196477,RAPL
351,DK1081249,cpu,20336.8,352.95269775390625,17.355370449328618,RAPL
352,DK1081249,cpu,20256.3,347.9330444335937,17.176534926595366,RAPL
353,DK1081249,cpu,20442.6,349.71240234375,17.107041293365327,RAPL
354,DK1081249,cpu,20330.2,355.15679931640625,17.46941984419269,RAPL
355,DK1081249,cpu,20513.3,349.7401733398437,17.04943491977613,RAPL
356,DK1081249,cpu,20282.5,350.5052490234375,17.281165981680637,RAPL
357,DK1081249,cpu,20454.1,354.3712158203125,17.32519229984759,RAPL
358,DK1081249,cpu,20267.3,350.2908935546875,17.28355003156254,RAPL
359,DK1081249,cpu,20437.2,353.50408935546875,17.29709007865406,RAPL
360,DK1081249,cpu,20436.1,350.9168701171875,17.171420677976105,RAPL
361,DK1081249,cpu,20306.4,349.4223022460937,17.20749626945661,RAPL
362,DK1081249,cpu,20326.9,349.08184814453125,17.173393293838767,RAPL
363,DK1081249,cpu,20293.1,350.8231811523437,17.287806256921993,RAPL
364,DK1081249,cpu,20294.2,349.53887939453125,17.223585033878216,RAPL
365,DK1081249,cpu,20467.7,351.10565185546875,17.154133188168124,RAPL
366,DK1081249,cpu,20337.4,350.57244873046875,17.237820406269666,RAPL
367,DK1081249,cpu,20383.2,348.814697265625,17.112852607324903,RAPL
368,DK1081249,cpu,20449.0,354.84149169921875,17.352510719312374,RAPL
369,DK1081249,cpu,20377.7,347.59112548828125,17.05742676986516,RAPL
370,DK1081249,cpu,20541.4,349.5521240234375,17.016957170564687,RAPL
371,DK1081249,cpu,20569.9,357.05731201171875,17.358242481087352,RAPL
372,DK1081249,cpu,20271.3,351.5419921875,17.3418573148984,RAPL
373,DK1081249,cpu,20390.2,353.00213623046875,17.312342999601217,RAPL
374,DK1081249,cpu,20215.6,347.4779663085937,17.188605151892286,RAPL
375,DK1081249,cpu,20275.1,352.30352783203125,17.376167211605924,RAPL
376,DK1081249,cpu,20270.1,341.62530517578125,16.8536566260542,RAPL
377,DK1081249,cpu,20312.2,348.90679931640625,17.17720381427941,RAPL
378,DK1081249,cpu,20493.4,354.73492431640625,17.309715533606244,RAPL
379,DK1081249,cpu,20324.6,346.0833740234375,17.02780738727638,RAPL
380,DK1081249,cpu,20354.1,351.56268310546875,17.272327595200416,RAPL
381,DK1081249,cpu,20282.7,353.22918701171875,17.41529416752793,RAPL
382,DK1081249,cpu,20430.9,351.02716064453125,17.181189308573348,RAPL
383,DK1081249,cpu,20316.3,347.49493408203125,17.104243099483238,RAPL
384,DK1081249,cpu,20668.7,354.0576171875,17.130134802261388,RAPL
385,DK1081249,cpu,20286.5,349.42608642578125,17.22456246399237,RAPL
386,DK1081249,cpu,20340.3,343.0584716796875,16.865949454024154,RAPL
387,DK1081249,cpu,20587.0,357.43389892578125,17.362116817689866,RAPL
388,DK1081249,cpu,20338.0,353.85406494140625,17.398665795132572,RAPL
389,DK1081249,cpu,20436.7,348.97418212890625,17.075857752421193,RAPL
390,DK1081249,cpu,20270.3,348.13641357421875,17.174704546761458,RAPL
391,DK1081249,cpu,20508.4,347.4339599609375,16.941056345738208,RAPL
392,DK1081249,cpu,20350.0,349.6552734375,17.18207731879607,RAPL
393,DK1081249,cpu,20294.3,344.68634033203125,16.984391692841402,RAPL
394,DK1081249,cpu,20290.4,347.58624267578125,17.13057616783214,RAPL
395,DK1081249,cpu,20516.5,353.8646850585937,17.247809570764687,RAPL
396,DK1081249,cpu,20320.0,342.59796142578125,16.860135896938054,RAPL
397,DK1081249,cpu,20525.8,351.69647216796875,17.13436125110684,RAPL
398,DK1081249,cpu,20552.2,356.19903564453125,17.331430973060368,RAPL
399,DK1081249,cpu,20383.6,348.87030029296875,17.115244622783454,RAPL
0,DK1081249,memory,23240.3,423.7092895507813,18.231661792265218,RAPL
1,DK1081249,memory,23038.3,383.95654296875,16.66601020773017,RAPL
2,DK1081249,memory,23149.1,407.21240234375,17.59085244539745,RAPL
3,DK1081249,memory,23085.6,405.43658447265625,17.56231522995531,RAPL
4,DK1081249,memory,23133.6,423.0681762695313,18.288038881520013,RAPL
5,DK1081249,memory,23119.1,390.1314697265625,16.874855410745337,RAPL
6,DK1081249,memory,23782.2,409.17895507812494,17.205260870656414,RAPL
7,DK1081249,memory,22640.3,411.505859375,18.175813013740985,RAPL
8,DK1081249,memory,23031.1,423.7864990234375,18.40061912038233,RAPL
9,DK1081249,memory,22872.7,428.2806396484375,18.72453359893836,RAPL
10,DK1081249,memory,23562.1,406.978515625,17.27259096706151,RAPL
11,DK1081249,memory,23035.2,421.39526367187506,18.293536139120782,RAPL
12,DK1081249,memory,23642.6,439.3936767578125,18.584828942578756,RAPL
13,DK1081249,memory,23080.8,430.17993164062494,18.637999187230292,RAPL
14,DK1081249,memory,23352.4,409.02709960937506,17.515420239862927,RAPL
15,DK1081249,memory,23226.5,442.67529296875,19.059061544733385,RAPL
16,DK1081249,memory,22644.5,430.9469604492188,19.03097707828474,RAPL
17,DK1081249,memory,22959.7,412.55395507812494,17.968612615936834,RAPL
18,DK1081249,memory,22841.7,420.91607666015625,18.427528452792753,RAPL
19,DK1081249,memory,22837.0,435.8595581054688,19.08567491813587,RAPL
20,DK1081249,memory,22634.9,428.7906494140625,18.943783688642867,RAPL
21,DK1081249,memory,22996.2,426.4260864257813,18.543328307536953,RAPL
22,DK1081249,memory,23362.2,414.44946289062494,17.740172710216715,RAPL
23,DK1081249,memory,23311.7,415.77783203125,17.83558608043386,RAPL
24,DK1081249,memory,23336.5,376.5081787109375,16.133875204548133,RAPL
25,DK1081249,memory,22717.6,421.9849243164063,18.5752422930418,RAPL
26,DK1081249,memory,22960.3,408.8435668945313,17.80654289772047,RAPL
27,DK1081249,memory,22880.3,407.1544189453125,17.79497729248797,RAPL
28,DK1081249,memory,22649.6,428.0037231445313,18.896745335217016,RAPL
29,DK1081249,memory,23277.4,416.1716918945313,17.87878766075813,RAPL
30,DK1081249,memory,22849.5,396.55120849609375,17.35491842255164,RAPL
31,DK1081249,memory,23045.3,391.6354370117188,16.994156596430457,RAPL
32,DK1081249,memory,23028.9,405.5263671875,17.609454519647052,RAPL
33,DK1081249,memory,23074.6,422.0758666992188,18.291795597722984,RAPL
34,DK1081249,memory,22965.0,391.48834228515625,17.04717362443528,RAPL
35,DK1081249,memory,23395.7,419.94384765625,17.949616709747943,RAPL
36,DK1081249,memory,23259.7,395.58276367187506,17.007216931941297,RAPL
37,DK1081249,memory,22336.0,388.5172729492188,17.39421888203881,RAPL
38,DK1081249,memory,23683.7,407.4873046875,17.205390402998685,RAPL
39,DK1081249,memory,23178.7,398.54516601562494,17.194457239432108,RAPL
40,DK1081249,memory,23274.9,421.97900390625,18.13021769830375,RAPL
41,DK1081249,memory,23872.7,414.3050537109375,17.35476312737719,RAPL
42,DK1081249,memory,23096.2,400.90667724609375,17.358122862033312,RAPL
43,DK1081249,memory,23773.8,403.84381103515625,16.986927249121145,RAPL
44,DK1081249,memory,22999.7,382.17877197265625,16.616685086007916,RAPL
45,DK1081249,memory,24010.5,418.9521484375,17.448705709481267,RAPL
46,DK1081249,memory,22935.5,408.7213134765625,17.820466677271586,RAPL
47,DK1081249,memory,23262.6,403.98236083984375,17.36617406652067,RAPL
48,DK1081249,memory,23268.3,414.1217041015625,17.797677703208336,RAPL
49,DK1081249,memory,23003.8,405.74267578125,17.638071787324268,RAPL
50,DK1081249,memory,23182.6,407.01513671875,17.556923585738875,RAPL
51,DK1081249,memory,22955.1,386.1754760742188,16.82307966744727,RAPL
52,DK1081249,memory,23028.5,399.7848510742188,17.36043819937116,RAPL
53,DK1081249,memory,23773.2,395.7378540039063,16.646385594026313,RAPL
54,DK1081249,memory,23280.3,395.4739990234375,16.987495823655085,RAPL
55,DK1081249,memory,23156.5,386.7888793945313,16.703253056141097,RAPL
56,DK1081249,memory,22722.8,386.6353149414063,17.015302468947766,RAPL
57,DK1081249,memory,22807.3,375.0422973632813,16.443958616902542,RAPL
58,DK1081249,memory,23092.3,387.1424560546875,16.765002016026447,RAPL
59,DK1081249,memory,23124.1,390.5154418945313,16.88781149945431,RAPL
60,DK1081249,memory,23155.9,391.7905883789063,16.919687353067957,RAPL
61,DK1081249,memory,22878.6,389.89788818359375,17.04203439824088,RAPL
62,DK1081249,memory,23945.3,392.4561767578125,16.389695546007463,RAPL
63,DK1081249,memory,23790.5,383.8338012695313,16.13391064792801,RAPL
64,DK1081249,memory,23218.4,389.8995361328125,16.792696143266223,RAPL
65,DK1081249,memory,22726.6,372.6593017578125,16.39749464318519,RAPL
66,DK1081249,memory,23132.1,392.4549560546875,16.965816162591704,RAPL
67,DK1081249,memory,23333.5,382.4525146484375,16.390704979897464,RAPL
68,DK1081249,memory,23464.2,386.18756103515625,16.458586315968848,RAPL
69,DK1081249,memory,23490.2,368.892578125,15.70410546206503,RAPL
70,DK1081249,memory,23111.6,348.52130126953125,15.079929614112881,RAPL
71,DK1081249,memory,23322.7,353.41510009765625,15.15326699300065,RAPL
72,DK1081249,memory,23302.9,384.5887451171875,16.503900592509407,RAPL
73,DK1081249,memory,23429.3,394.2557373046875,16.827465494260927,RAPL
74,DK1081249,memory,23191.3,389.4378051757813,16.792409445601642,RAPL
75,DK1081249,memory,23670.2,243.36926269531247,10.281673272524628,RAPL
76,DK1081249,memory,22817.8,412.5866088867188,18.081787415382678,RAPL
77,DK1081249,memory,22214.4,384.0816650390625,17.289760922602568,RAPL
78,DK1081249,memory,23309.9,396.7682495117188,17.021447947512378,RAPL
79,DK1081249,memory,22744.2,167.7630615234375,7.376081001901034,RAPL
80,DK1081249,memory,22820.7,421.05786132812494,18.450698765950428,RAPL
81,DK1081249,memory,23464.9,401.0618896484375,17.091992279891986,RAPL
82,DK1081249,memory,23126.9,387.20092773437506,16.742448306274294,RAPL
83,DK1081249,memory,23665.8,386.8717041015625,16.34729035576919,RAPL
84,DK1081249,memory,23649.0,369.7117309570313,15.633292357268015,RAPL
85,DK1081249,memory,22885.2,217.81024169921875,9.517515324280266,RAPL
86,DK1081249,memory,23298.4,421.79614257812494,18.104081936018137,RAPL
87,DK1081249,memory,22685.6,365.4443359375,16.109088405750786,RAPL
88,DK1081249,memory,23738.7,397.09936523437506,16.727932247105993,RAPL
89,DK1081249,memory,22930.8,368.78881835937506,16.082684352895456,RAPL
90,DK1081249,memory,23907.0,271.7010498046875,11.364916125180386,RAPL
91,DK1081249,memory,23389.2,369.95892333984375,15.81751078873342,RAPL
92,DK1081249,memory,22849.9,392.0458984375,17.157444821968586,RAPL
93,DK1081249,memory,23124.0,387.63134765625,16.76316154887779,RAPL
94,DK1081249,memory,23387.0,232.33880615234372,9.934527992147078,RAPL
95,DK1081249,memory,23491.5,396.9903564453125,16.899319176949643,RAPL
96,DK1081249,memory,22622.8,374.6378784179688,16.560190534238416,RAPL
97,DK1081249,memory,22921.7,387.4033203125,16.901160049756342,RAPL
98,DK1081249,memory,26195.7,220.77972412109372,8.42809026371098,RAPL
99,DK1081249,memory,22855.8,394.32623291015625,17.252786291013933,RAPL
100,DK1081249,memory,23709.9,398.66314697265625,16.814206174326177,RAPL
101,DK1081249,memory,23034.9,387.69049072265625,16.830569732130648,RAPL
102,DK1081249,memory,22763.8,365.59466552734375,16.06035308372696,RAPL
103,DK1081249,memory,22146.4,177.03387451171875,7.993799195883699,RAPL
104,DK1081249,memory,23073.0,404.00219726562494,17.509738537061715,RAPL
105,DK1081249,memory,22665.0,390.2249145507813,17.21707101481497,RAPL
106,DK1081249,memory,23184.8,380.2362060546875,16.40023662290326,RAPL
107,DK1081249,memory,25397.6,265.3515014648437,10.447896709328587,RAPL
108,DK1081249,memory,23933.7,314.84814453125,13.15501341335648,RAPL
109,DK1081249,memory,23349.6,413.0052490234375,17.687893969208787,RAPL
110,DK1081249,memory,23254.3,385.6188354492188,16.582689457400086,RAPL
111,DK1081249,memory,23610.1,373.68139648437506,15.82718397992279,RAPL
112,DK1081249,memory,21937.8,178.64532470703125,8.14326526392944,RAPL
113,DK1081249,memory,22863.8,395.92962646484375,17.316877617230897,RAPL
114,DK1081249,memory,22378.8,385.91943359375,17.244867177585483,RAPL
115,DK1081249,memory,23601.8,382.4231567382813,16.203135215885283,RAPL
116,DK1081249,memory,24628.5,257.1829833984375,10.442494808796212,RAPL
117,DK1081249,memory,22921.1,365.0719604492188,15.927331604906344,RAPL
118,DK1081249,memory,23265.5,388.96337890625,16.718462053523456,RAPL
119,DK1081249,memory,22945.6,379.56341552734375,16.541882344647505,RAPL
120,DK1081249,memory,24623.0,177.957275390625,7.22727837349734,RAPL
121,DK1081249,memory,23674.4,400.63061523437506,16.92252455117659,RAPL
122,DK1081249,memory,23567.6,387.2858276367188,16.432976952965888,RAPL
123,DK1081249,memory,23434.2,390.14111328125,16.648364923114507,RAPL
124,DK1081249,memory,24139.9,360.6702880859375,14.940836046791308,RAPL
125,DK1081249,memory,23029.9,208.33996582031247,9.046498934876507,RAPL
126,DK1081249,memory,23163.8,416.37060546875,17.97505614228883,RAPL
127,DK1081249,memory,23337.8,380.6911010742188,16.31221028007005,RAPL
128,DK1081249,memory,23159.1,368.1837768554688,15.898017490121328,RAPL
129,DK1081249,memory,21796.5,133.15673828125,6.109088077500974,RAPL
130,DK1081249,memory,22820.0,386.09759521484375,16.919263593989648,RAPL
131,DK1081249,memory,23094.1,386.9351196289063,16.7547174225844,RAPL
132,DK1081249,memory,22811.3,375.8244018554688,16.475360977036328,RAPL
133,DK1081249,memory,24993.3,336.73175048828125,13.472880751572673,RAPL
134,DK1081249,memory,22078.4,218.06213378906247,9.876718140311908,RAPL
135,DK1081249,memory,23405.1,380.4298706054688,16.254144208119975,RAPL
136,DK1081249,memory,23868.6,391.22509765625,16.39078528511308,RAPL
137,DK1081249,memory,23304.6,384.0291748046875,16.478685530096527,RAPL
138,DK1081249,memory,23932.4,214.46722412109372,8.961375546167275,RAPL
139,DK1081249,memory,23788.8,358.3184814453125,15.06248660904764,RAPL
140,DK1081249,memory,22444.3,389.87060546875,17.37058431177404,RAPL
141,DK1081249,memory,23643.2,388.3909301757813,16.427172725171776,RAPL
142,DK1081249,memory,23197.3,180.10693359375,7.764133480782247,RAPL
143,DK1081249,memory,22853.1,369.1129150390625,16.151546837805924,RAPL
144,DK1081249,memory,22459.9,384.87866210937506,17.13625893745631,RAPL
145,DK1081249,memory,23082.9,374.9060668945313,16.24172295918326,RAPL
146,DK1081249,memory,24043.5,238.84869384765625,9.93402349273842,RAPL
147,DK1081249,memory,23093.1,312.85479736328125,13.54754439045781,RAPL
148,DK1081249,memory,22675.9,388.55224609375,17.13503085186255,RAPL
149,DK1081249,memory,22827.9,379.9226684570313,16.642909267038636,RAPL
150,DK1081249,memory,27487.4,244.638671875,8.90002953626025,RAPL
151,DK1081249,memory,23074.1,357.47247314453125,15.492369069412513,RAPL
152,DK1081249,memory,22758.5,398.5283203125,17.51118572456445,RAPL
153,DK1081249,memory,23714.4,382.57397460937506,16.132559736252027,RAPL
154,DK1081249,memory,24113.6,223.04083251953125,9.24958664486146,RAPL
155,DK1081249,memory,23203.2,346.193115234375,14.920059096778676,RAPL
156,DK1081249,memory,23794.5,376.74163818359375,15.833139514744742,RAPL
157,DK1081249,memory,23218.0,391.47705078125,16.86092905423594,RAPL
158,DK1081249,memory,23980.2,221.52117919921875,9.237670211225042,RAPL
159,DK1081249,memory,23931.6,345.8489990234375,14.451561910755549,RAPL
160,DK1081249,memory,22874.5,392.45336914062494,17.156806450004368,RAPL
161,DK1081249,memory,23238.4,375.6979370117188,16.167117228884898,RAPL
162,DK1081249,memory,23709.9,160.29791259765625,6.760800872110647,RAPL
163,DK1081249,memory,23083.6,410.9310302734375,17.801860640170403,RAPL
164,DK1081249,memory,23780.4,398.9078369140625,16.774647899701538,RAPL
165,DK1081249,memory,24216.9,356.1976318359375,14.708638671173333,RAPL
166,DK1081249,memory,21946.3,171.58563232421875,7.8184310031403355,RAPL
167,DK1081249,memory,23713.2,402.49365234375,16.97340098948054,RAPL
168,DK1081249,memory,23308.9,395.9946899414063,16.988990897957702,RAPL
169,DK1081249,memory,25553.5,288.9193115234375,11.3064477086676,RAPL
170,DK1081249,memory,23671.0,312.6961669921875,13.210095348408919,RAPL
171,DK1081249,memory,22627.2,380.9969482421875,16.838006834349255,RAPL
172,DK1081249,memory,22787.3,376.7457885742188,16.5331473484888,RAPL
173,DK1081249,memory,22729.3,117.0771484375,5.1509350678419485,RAPL
174,DK1081249,memory,22884.4,401.17333984375,17.53042858207993,RAPL
175,DK1081249,memory,23390.0,391.84326171875,16.752597764803333,RAPL
176,DK1081249,memory,23227.7,375.8704833984375,16.181993197709524,RAPL
177,DK1081249,memory,22695.3,152.94049072265625,6.738861822608921,RAPL
178,DK1081249,memory,23138.6,409.2493286132813,17.68686647477727,RAPL
179,DK1081249,memory,23537.1,393.64251708984375,16.72434229747266,RAPL
180,DK1081249,memory,26761.4,310.19549560546875,11.591153512352445,RAPL
181,DK1081249,memory,23499.3,281.9198608398437,11.996947178845485,RAPL
182,DK1081249,memory,23631.8,407.36517333984375,17.238008672206256,RAPL
183,DK1081249,memory,22999.4,379.1843872070313,16.486707792682907,RAPL
184,DK1081249,memory,26869.6,212.69934082031247,7.915984637669057,RAPL
185,DK1081249,memory,23820.5,372.83056640625,15.651668369943957,RAPL
186,DK1081249,memory,22818.6,388.4724731445313,17.024378057572825,RAPL
187,DK1081249,memory,22948.0,374.85540771484375,16.334992492367252,RAPL
188,DK1081249,memory,22153.8,132.52978515625,5.982259709677346,RAPL
189,DK1081249,memory,23190.9,409.7352294921875,17.667931364983136,RAPL
190,DK1081249,memory,22879.3,373.1251831054688,16.308417788370658,RAPL
191,DK1081249,memory,26391.1,324.72906494140625,12.304491474072936,RAPL
192,DK1081249,memory,23898.8,247.67529296875,10.363503312666328,RAPL
193,DK1081249,memory,23417.7,408.5241088867188,17.445099599308165,RAPL
194,DK1081249,memory,23681.2,379.3436279296875,16.018767120318543,RAPL
195,DK1081249,memory,25662.1,290.5878295898437,11.323618471981783,RAPL
196,DK1081249,memory,23857.1,284.55084228515625,11.927302240639317,RAPL
197,DK1081249,memory,23174.5,396.2650146484375,17.09918292297299,RAPL
198,DK1081249,memory,22774.3,375.3031005859375,16.479237587365475,RAPL
199,DK1081249,memory,25222.0,219.33660888671875,8.696241728915975,RAPL
200,DK1081249,memory,23398.1,336.993408203125,14.402597142636582,RAPL
201,DK1081249,memory,23087.5,400.5200805664063,17.34791902832296,RAPL
202,DK1081249,memory,22770.4,361.57269287109375,15.879066369984441,RAPL
203,DK1081249,memory,22731.9,132.5618896484375,5.831535843833445,RAPL
204,DK1081249,memory,22686.3,399.86224365234375,17.625714358548716,RAPL
205,DK1081249,memory,23058.3,381.90081787109375,16.562401298928965,RAPL
206,DK1081249,memory,25228.2,319.19061279296875,12.65213581599039,RAPL
207,DK1081249,memory,23205.1,249.75378417968753,10.762883339424848,RAPL
208,DK1081249,memory,23376.0,389.9949951171875,16.68356413061206,RAPL
209,DK1081249,memory,23158.9,379.14068603515625,16.371273507599938,RAPL
210,DK1081249,memory,24678.5,261.439453125,10.593814580505299,RAPL
211,DK1081249,memory,23922.9,306.61279296875,12.816706710672618,RAPL
212,DK1081249,memory,23708.1,382.10302734375,16.116982269509155,RAPL
213,DK1081249,memory,23282.2,385.27044677734375,16.547854016258935,RAPL
214,DK1081249,memory,26175.1,197.26690673828125,7.536433738105347,RAPL
215,DK1081249,memory,23057.9,361.5565185546875,15.680374993155816,RAPL
216,DK1081249,memory,23693.3,405.2243041992188,17.102906906138816,RAPL
217,DK1081249,memory,24287.0,351.7935791015625,14.484851117946329,RAPL
218,DK1081249,memory,22784.0,169.5379638671875,7.4410974309685525,RAPL
219,DK1081249,memory,23088.4,405.4771118164063,17.561940706866057,RAPL
220,DK1081249,memory,23295.7,378.7258911132813,16.257330370552562,RAPL
221,DK1081249,memory,27624.9,302.53082275390625,10.951381643151876,RAPL
222,DK1081249,memory,24043.5,300.169921875,12.484452008858943,RAPL
223,DK1081249,memory,23618.5,394.4562377929688,16.701155356731746,RAPL
224,DK1081249,memory,23413.3,384.77001953125,16.433822636332767,RAPL
225,DK1081249,memory,24429.0,250.15460205078125,10.240067217273785,RAPL
226,DK1081249,memory,23915.8,324.31036376953125,13.56050660105584,RAPL
227,DK1081249,memory,23779.2,395.10791015625,16.615693974408305,RAPL
228,DK1081249,memory,23085.5,369.27679443359375,15.996049227159634,RAPL
229,DK1081249,memory,22687.9,155.47119140625,6.85260387282428,RAPL
230,DK1081249,memory,23706.6,408.0316162109375,17.211730750547844,RAPL
231,DK1081249,memory,23220.5,374.9021606445313,16.145309560282133,RAPL
232,DK1081249,memory,25409.3,290.90545654296875,11.448778854315892,RAPL
233,DK1081249,memory,23779.8,267.3837890625,11.244156345406607,RAPL
234,DK1081249,memory,22651.2,398.6964721679688,17.601560719430708,RAPL
235,DK1081249,memory,23282.1,374.91119384765625,16.10298013700037,RAPL
236,DK1081249,memory,24405.0,166.33349609375,6.815549932134808,RAPL
237,DK1081249,memory,23427.3,384.8751831054688,16.428490825040395,RAPL
238,DK1081249,memory,23331.8,377.46142578125,16.177981372258035,RAPL
239,DK1081249,memory,23154.8,372.951171875,16.10686215709054,RAPL
240,DK1081249,memory,22850.3,172.50701904296875,7.549442197387726,RAPL
241,DK1081249,memory,23003.2,364.87939453125,15.86211459845804,RAPL
242,DK1081249,memory,23448.0,387.8671875,16.54158936796315,RAPL
243,DK1081249,memory,23400.1,369.0708618164063,15.77219164945476,RAPL
244,DK1081249,memory,22780.9,115.847412109375,5.085286889867169,RAPL
245,DK1081249,memory,22991.3,408.6016845703125,17.77201309061743,RAPL
246,DK1081249,memory,23192.4,382.57757568359375,16.495816546954767,RAPL
247,DK1081249,memory,25379.2,341.81353759765625,13.468255011885963,RAPL
248,DK1081249,memory,23098.5,209.84912109375,9.084967469478537,RAPL
249,DK1081249,memory,23594.4,423.3663330078125,17.94350918047556,RAPL
250,DK1081249,memory,24332.8,358.43408203125,14.730490614777175,RAPL
251,DK1081249,memory,22939.5,162.797607421875,7.096824578647094,RAPL
252,DK1081249,memory,23232.8,407.091796875,17.522287321158018,RAPL
253,DK1081249,memory,23580.0,384.1370849609375,16.290800888928647,RAPL
254,DK1081249,memory,25208.9,299.42449951171875,11.877729671335075,RAPL
255,DK1081249,memory,23781.5,280.43212890625,11.792028631762083,RAPL
256,DK1081249,memory,24018.5,399.93432617187506,16.651095038069617,RAPL
257,DK1081249,memory,24026.3,385.21533203125,16.03306926290149,RAPL
258,DK1081249,memory,22814.1,116.12933349609376,5.090243906009607,RAPL
259,DK1081249,memory,23372.8,383.5354614257813,16.409478600158362,RAPL
260,DK1081249,memory,23268.2,398.80474853515625,17.1394757022527,RAPL
261,DK1081249,memory,25213.1,273.8861083984375,10.862849407587227,RAPL
262,DK1081249,memory,23575.7,284.072021484375,12.049356815889878,RAPL
264,DK1081249,memory,23043.3,371.3003540039063,16.113158879323116,RAPL
265,DK1081249,memory,24472.9,140.1759033203125,5.727801091015469,RAPL
266,DK1081249,memory,23189.2,418.29174804687506,18.03821382569796,RAPL
267,DK1081249,memory,23660.6,390.6824340820313,16.511941120767492,RAPL
268,DK1081249,memory,25286.1,266.0640869140625,10.522148014682475,RAPL
269,DK1081249,memory,23893.3,297.3353881835937,12.444299790468193,RAPL
270,DK1081249,memory,23126.9,384.9617919921875,16.64562876962271,RAPL
271,DK1081249,memory,23802.9,379.56536865234375,15.946181711150478,RAPL
272,DK1081249,memory,23748.2,165.46844482421875,6.967620485940777,RAPL
273,DK1081249,memory,22712.8,398.79779052734375,17.55828389838962,RAPL
274,DK1081249,memory,23312.6,379.2311401367188,16.267217733616963,RAPL
275,DK1081249,memory,26804.9,274.92364501953125,10.256469713355814,RAPL
276,DK1081249,memory,23550.8,303.55157470703125,12.889225618961193,RAPL
277,DK1081249,memory,23285.3,379.9591064453125,16.31755255226742,RAPL
278,DK1081249,memory,23900.1,380.75048828125,15.93091611672127,RAPL
279,DK1081249,memory,23879.9,175.0843505859375,7.331871179776192,RAPL
280,DK1081249,memory,23387.9,352.06121826171875,15.0531350938613,RAPL
281,DK1081249,memory,22944.6,395.4188232421875,17.23363332732702,RAPL
282,DK1081249,memory,24046.2,342.1968994140625,14.230809833323455,RAPL
283,DK1081249,memory,22150.8,168.667724609375,7.614520676877358,RAPL
284,DK1081249,memory,22948.8,410.22894287109375,17.87583415564621,RAPL
285,DK1081249,memory,23406.6,383.88970947265625,16.400917240122713,RAPL
286,DK1081249,memory,23766.2,119.0401611328125,5.008800781480106,RAPL
287,DK1081249,memory,23333.8,392.53637695312494,16.82265113068274,RAPL
288,DK1081249,memory,23807.1,400.8351440429688,16.83679003503026,RAPL
289,DK1081249,memory,24789.5,363.34423828125,14.657183012212831,RAPL
290,DK1081249,memory,22922.8,169.67864990234375,7.402178176415785,RAPL
291,DK1081249,memory,23424.5,428.97119140625,18.312928404288247,RAPL
292,DK1081249,memory,23283.1,373.7477416992188,16.05231870752687,RAPL
293,DK1081249,memory,21667.8,128.56573486328125,5.9334927802214,RAPL
294,DK1081249,memory,23803.6,402.02465820312494,16.88923768686774,RAPL
295,DK1081249,memory,23076.3,377.8469848632813,16.373811436984322,RAPL
296,DK1081249,memory,25536.0,291.67498779296875,11.422109484373776,RAPL
297,DK1081249,memory,23374.0,294.80419921875,12.61248392310901,RAPL
298,DK1081249,memory,24354.8,408.30279541015625,16.764777186023135,RAPL
299,DK1081249,memory,25108.2,305.983154296875,12.18658264219956,RAPL
300,DK1081249,memory,22994.2,234.27166748046875,10.188293895002598,RAPL
301,DK1081249,memory,23293.6,388.1920776367188,16.66518175106977,RAPL
302,DK1081249,memory,22932.7,377.2166748046875,16.448855773837685,RAPL
303,DK1081249,memory,25237.3,168.49920654296875,6.676594031174839,RAPL
304,DK1081249,memory,23003.8,370.4920654296875,16.1056897308135,RAPL
305,DK1081249,memory,23003.6,392.27075195312494,17.052580985285996,RAPL
306,DK1081249,memory,25773.8,333.90948486328125,12.95538433848642,RAPL
307,DK1081249,memory,23081.0,207.48687744140625,8.989509875716228,RAPL
308,DK1081249,memory,23625.6,412.8465576171875,17.474542767895315,RAPL
309,DK1081249,memory,23407.6,375.52001953125,16.042653648013893,RAPL
310,DK1081249,memory,23112.7,125.60821533203124,5.434597227153523,RAPL
311,DK1081249,memory,23671.5,406.8801879882813,17.18861026923859,RAPL
312,DK1081249,memory,22825.7,391.30639648437506,17.143237512294256,RAPL
313,DK1081249,memory,23936.8,231.05407714843753,9.652671917233613,RAPL
314,DK1081249,memory,23214.3,318.73101806640625,13.72994309828021,RAPL
315,DK1081249,memory,23352.1,394.2056884765625,16.88095239728172,RAPL
316,DK1081249,memory,24880.8,258.3773193359375,10.384606577599493,RAPL
317,DK1081249,memory,23889.4,305.98455810546875,12.808381880895658,RAPL
318,DK1081249,memory,22644.3,389.0494995117188,17.18090201559416,RAPL
319,DK1081249,memory,26132.6,319.33953857421875,12.219968107812416,RAPL
320,DK1081249,memory,23883.3,236.37005615234372,9.896875898738605,RAPL
321,DK1081249,memory,23637.9,409.2595825195313,17.313703100509404,RAPL
322,DK1081249,memory,23780.7,387.5564575195313,16.297100485668267,RAPL
323,DK1081249,memory,22790.2,135.5162353515625,5.9462503774237385,RAPL
324,DK1081249,memory,23675.3,400.78076171875,16.92822315741511,RAPL
325,DK1081249,memory,23776.5,386.90338134765625,16.27251199073271,RAPL
326,DK1081249,memory,24716.9,279.0155029296875,11.28845053100055,RAPL
327,DK1081249,memory,23970.5,287.45343017578125,11.991966382669583,RAPL
328,DK1081249,memory,22872.9,381.64984130859375,16.685677868070673,RAPL
329,DK1081249,memory,23135.9,356.4390869140625,15.406320346909455,RAPL
330,DK1081249,memory,22751.8,141.71612548828125,6.228787414107071,RAPL
331,DK1081249,memory,22984.3,416.2487182617188,18.110132493124386,RAPL
332,DK1081249,memory,23377.6,381.11175537109375,16.30243290034451,RAPL
333,DK1081249,memory,24691.0,156.38629150390625,6.333736645089557,RAPL
334,DK1081249,memory,23791.0,383.85150146484375,16.134315559028362,RAPL
335,DK1081249,memory,22736.6,376.1848754882813,16.54534431217866,RAPL
336,DK1081249,memory,23217.2,360.1630249023437,15.512767469907812,RAPL
337,DK1081249,memory,21945.6,114.33673095703124,5.210007060961251,RAPL
338,DK1081249,memory,23797.8,422.5753173828125,17.75690683100171,RAPL
339,DK1081249,memory,23214.7,379.9285888671875,16.36586252965524,RAPL
340,DK1081249,memory,24079.8,213.46612548828125,8.864945950061099,RAPL
341,DK1081249,memory,23454.9,342.1171264648437,14.586168624246689,RAPL
342,DK1081249,memory,23691.6,391.2933349609375,16.51612111300788,RAPL
343,DK1081249,memory,25764.2,323.90948486328125,12.572076170161745,RAPL
344,DK1081249,memory,23853.9,261.6195068359375,10.967577915390669,RAPL
345,DK1081249,memory,22784.3,383.2950439453125,16.82277023851128,RAPL
346,DK1081249,memory,23422.2,379.8594970703125,16.217925603500632,RAPL
347,DK1081249,memory,22708.4,130.8292236328125,5.761269998450463,RAPL
348,DK1081249,memory,23027.8,413.0770263671875,17.938188900684718,RAPL
349,DK1081249,memory,23810.3,387.22161865234375,16.26277781684161,RAPL
350,DK1081249,memory,26574.4,221.36633300781247,8.330059493640965,RAPL
351,DK1081249,memory,24076.7,361.0447387695313,14.995607320335896,RAPL
352,DK1081249,memory,23170.2,392.5028076171875,16.939983583101892,RAPL
353,DK1081249,memory,24138.3,363.6629028320313,15.065804254319124,RAPL
354,DK1081249,memory,21879.6,113.09356689453124,5.168904682651019,RAPL
355,DK1081249,memory,23516.1,425.94769287109375,18.11302439057045,RAPL
356,DK1081249,memory,23258.7,373.2805786132813,16.049073190388167,RAPL
357,DK1081249,memory,24248.9,256.9835205078125,10.597739299836796,RAPL
358,DK1081249,memory,23398.8,308.44537353515625,13.182102224693415,RAPL
359,DK1081249,memory,22605.7,387.85162353515625,17.1572489918541,RAPL
360,DK1081249,memory,25811.5,319.00885009765625,12.359175177640054,RAPL
361,DK1081249,memory,23794.2,215.42230224609372,9.053563567848203,RAPL
362,DK1081249,memory,23428.5,400.6177978515625,17.099592285104148,RAPL
363,DK1081249,memory,23325.7,385.04193115234375,16.507197261061563,RAPL
364,DK1081249,memory,23897.2,231.57965087890625,9.690660448877116,RAPL
365,DK1081249,memory,23976.7,312.0281982421875,13.01380916649028,RAPL
366,DK1081249,memory,23097.3,397.1901245117188,17.196387651877874,RAPL
367,DK1081249,memory,23482.6,353.71636962890625,15.062913375388852,RAPL
368,DK1081249,memory,22258.4,157.55328369140625,7.078374172959703,RAPL
369,DK1081249,memory,22880.7,396.71362304687506,17.33835166961129,RAPL
370,DK1081249,memory,23949.4,376.98071289062494,15.740716380812252,RAPL
371,DK1081249,memory,26449.5,217.20159912109372,8.21193592019107,RAPL
372,DK1081249,memory,22978.7,366.5245361328125,15.95062105919014,RAPL
373,DK1081249,memory,23737.9,380.84399414062494,16.043710443662874,RAPL
374,DK1081249,memory,24774.3,369.08441162109375,14.897874475609553,RAPL
375,DK1081249,memory,21851.7,132.96038818359375,6.084670217126985,RAPL
376,DK1081249,memory,23382.3,406.7135620117188,17.394078512880203,RAPL
377,DK1081249,memory,23366.6,378.9859619140625,16.21913166288902,RAPL
378,DK1081249,memory,27221.7,294.5357666015625,10.819888787311685,RAPL
379,DK1081249,memory,23273.0,329.9197998046875,14.176075271975574,RAPL
380,DK1081249,memory,23211.3,378.1976318359375,16.293685913151677,RAPL
381,DK1081249,memory,28488.3,269.3963623046875,9.456386035835326,RAPL
382,DK1081249,memory,24054.5,330.24853515625,13.72917895430169,RAPL
383,DK1081249,memory,23898.9,386.49212646484375,16.17196299682595,RAPL
384,DK1081249,memory,23008.8,370.39086914062494,16.09779167712462,RAPL
385,DK1081249,memory,25109.7,238.65447998046875,9.504473569197113,RAPL
386,DK1081249,memory,23570.2,293.2760009765625,12.44266068919918,RAPL
387,DK1081249,memory,23811.6,397.2713623046875,16.683942377021598,RAPL
388,DK1081249,memory,24756.2,396.2653198242188,16.006710231142858,RAPL
389,DK1081249,memory,23754.7,134.81463623046875,5.675282627457672,RAPL
390,DK1081249,memory,23536.3,407.5360107421875,17.315211428397305,RAPL
391,DK1081249,memory,23138.1,382.0220947265625,16.510521379307832,RAPL
392,DK1081249,memory,24414.9,303.76025390625,12.441593203586743,RAPL
393,DK1081249,memory,23065.5,221.90191650390625,9.6205118685442,RAPL
394,DK1081249,memory,23503.4,408.9599609375,17.40003407751644,RAPL
395,DK1081249,memory,23800.9,371.0220336914063,15.588571595671015,RAPL
396,DK1081249,memory,23779.2,183.56201171875,7.719435965833586,RAPL
397,DK1081249,memory,22604.3,358.072509765625,15.840902384308517,RAPL
398,DK1081249,memory,23190.3,381.2849731445313,16.4415713959945,RAPL
399,DK1081249,memory,24678.7,325.3856201171875,13.184876841859074,RAPL
