computerID,class,start_time,channelId,exp_duration
DK1081249,memory,1761815695126,CH2,23178
1761815695132,CH2,POWER,6.63
1761815695140,CH2,POWER,6.63
1761815695148,CH2,POWER,6.63
1761815695157,CH2,POWER,6.63
1761815695169,CH2,POWER,6.63
1761815695177,CH2,POWER,6.63
1761815695187,CH2,POWER,6.63
1761815695196,CH2,POWER,6.63
1761815695206,CH2,POWER,6.63
1761815695215,CH2,POWER,6.63
1761815695220,CH2,POWER,17.55
1761815695252,CH2,POWER,17.55
1761815695264,CH2,POWER,17.55
1761815695274,CH2,POWER,17.55
1761815695284,CH2,POWER,17.55
1761815695295,CH2,POWER,17.55
1761815695306,CH2,POWER,17.55
1761815695315,CH2,POWER,17.55
1761815695325,CH2,POWER,17.55
1761815695336,CH2,POWER,17.55
1761815695347,CH2,POWER,17.55
1761815695358,CH2,POWER,17.55
1761815695367,CH2,POWER,17.55
1761815695377,CH2,POWER,17.55
1761815695387,CH2,POWER,17.55
1761815695396,CH2,POWER,17.55
1761815695407,CH2,POWER,17.55
1761815695417,CH2,POWER,17.55
1761815695428,CH2,POWER,17.55
1761815695437,CH2,POWER,17.55
1761815695447,CH2,POWER,17.55
1761815695458,CH2,POWER,17.55
1761815695468,CH2,POWER,17.55
1761815695479,CH2,POWER,17.55
1761815695489,CH2,POWER,17.55
1761815695498,CH2,POWER,17.55
1761815695509,CH2,POWER,17.55
1761815695520,CH2,POWER,17.55
1761815695529,CH2,POWER,17.55
1761815695539,CH2,POWER,17.55
1761815695547,CH2,POWER,17.55
1761815695557,CH2,POWER,17.55
1761815695567,CH2,POWER,17.55
1761815695578,CH2,POWER,17.55
1761815695589,CH2,POWER,17.55
1761815695621,CH2,POWER,17.55
1761815695631,CH2,POWER,17.55
1761815695640,CH2,POWER,17.55
1761815695649,CH2,POWER,17.55
1761815695661,CH2,POWER,17.55
1761815695671,CH2,POWER,17.55
1761815695680,CH2,POWER,17.55
1761815695689,CH2,POWER,17.55
1761815695698,CH2,POWER,17.55
1761815695709,CH2,POWER,17.55
1761815695720,CH2,POWER,17.55
1761815695730,CH2,POWER,17.55
1761815695741,CH2,POWER,17.55
1761815695752,CH2,POWER,17.55
1761815695760,CH2,POWER,17.55
1761815695772,CH2,POWER,17.55
1761815695782,CH2,POWER,17.55
1761815695791,CH2,POWER,17.55
1761815695800,CH2,POWER,17.55
1761815695809,CH2,POWER,17.55
1761815695819,CH2,POWER,17.55
1761815695829,CH2,POWER,17.55
1761815695839,CH2,POWER,17.55
1761815695848,CH2,POWER,17.55
1761815695859,CH2,POWER,17.55
1761815695869,CH2,POWER,17.55
1761815695880,CH2,POWER,17.55
1761815695889,CH2,POWER,17.55
1761815695898,CH2,POWER,17.55
1761815695908,CH2,POWER,17.55
1761815695917,CH2,POWER,17.55
1761815695928,CH2,POWER,17.55
1761815695937,CH2,POWER,17.55
1761815695947,CH2,POWER,17.55
1761815695956,CH2,POWER,17.55
1761815695964,CH2,POWER,17.55
1761815695973,CH2,POWER,17.55
1761815695981,CH2,POWER,28.47
1761815696013,CH2,POWER,28.47
1761815696022,CH2,POWER,28.47
1761815696032,CH2,POWER,28.47
1761815696041,CH2,POWER,28.47
1761815696052,CH2,POWER,28.47
1761815696062,CH2,POWER,28.47
1761815696071,CH2,POWER,28.47
1761815696081,CH2,POWER,28.47
1761815696091,CH2,POWER,28.47
1761815696102,CH2,POWER,28.47
1761815696114,CH2,POWER,28.47
1761815696124,CH2,POWER,28.47
1761815696134,CH2,POWER,28.47
1761815696144,CH2,POWER,28.47
1761815696152,CH2,POWER,28.47
1761815696162,CH2,POWER,28.47
1761815696172,CH2,POWER,28.47
1761815696181,CH2,POWER,28.47
1761815696190,CH2,POWER,28.47
1761815696200,CH2,POWER,28.47
1761815696209,CH2,POWER,28.47
1761815696217,CH2,POWER,28.47
1761815696226,CH2,POWER,28.47
1761815696236,CH2,POWER,28.47
1761815696246,CH2,POWER,28.47
1761815696256,CH2,POWER,28.47
1761815696267,CH2,POWER,28.47
1761815696278,CH2,POWER,28.47
1761815696287,CH2,POWER,28.47
1761815696297,CH2,POWER,28.47
1761815696307,CH2,POWER,28.47
1761815696317,CH2,POWER,28.47
1761815696326,CH2,POWER,28.47
1761815696335,CH2,POWER,28.47
1761815696345,CH2,POWER,28.47
1761815696356,CH2,POWER,28.47
1761815696385,CH2,POWER,28.47
1761815696396,CH2,POWER,28.47
1761815696408,CH2,POWER,28.47
1761815696417,CH2,POWER,28.47
1761815696428,CH2,POWER,28.47
1761815696439,CH2,POWER,28.47
1761815696450,CH2,POWER,28.47
1761815696460,CH2,POWER,28.47
1761815696470,CH2,POWER,28.47
1761815696479,CH2,POWER,28.47
1761815696487,CH2,POWER,28.47
1761815696497,CH2,POWER,28.47
1761815696507,CH2,POWER,28.47
1761815696517,CH2,POWER,28.47
1761815696526,CH2,POWER,28.47
1761815696536,CH2,POWER,28.47
1761815696545,CH2,POWER,28.47
1761815696556,CH2,POWER,28.47
1761815696567,CH2,POWER,28.47
1761815696576,CH2,POWER,28.47
1761815696585,CH2,POWER,28.47
1761815696596,CH2,POWER,28.47
1761815696607,CH2,POWER,28.47
1761815696617,CH2,POWER,28.47
1761815696625,CH2,POWER,28.47
1761815696635,CH2,POWER,28.47
1761815696646,CH2,POWER,28.47
1761815696657,CH2,POWER,28.47
1761815696667,CH2,POWER,28.47
1761815696680,CH2,POWER,28.47
1761815696691,CH2,POWER,28.47
1761815696700,CH2,POWER,28.47
1761815696711,CH2,POWER,28.47
1761815696720,CH2,POWER,28.47
1761815696731,CH2,POWER,28.47
1761815696741,CH2,POWER,28.47
1761815696772,CH2,POWER,28.47
1761815696782,CH2,POWER,28.47
1761815696791,CH2,POWER,28.47
1761815696800,CH2,POWER,28.47
1761815696811,CH2,POWER,28.47
1761815696821,CH2,POWER,28.47
1761815696832,CH2,POWER,28.47
1761815696842,CH2,POWER,28.47
1761815696850,CH2,POWER,28.47
1761815696858,CH2,POWER,28.47
1761815696867,CH2,POWER,28.47
1761815696879,CH2,POWER,28.47
1761815696889,CH2,POWER,28.47
1761815696900,CH2,POWER,28.47
1761815696908,CH2,POWER,28.47
1761815696917,CH2,POWER,28.47
1761815696929,CH2,POWER,28.47
1761815696939,CH2,POWER,28.47
1761815696950,CH2,POWER,28.47
1761815696961,CH2,POWER,28.47
1761815696970,CH2,POWER,28.47
1761815696981,CH2,POWER,28.47
1761815696991,CH2,POWER,28.47
1761815697001,CH2,POWER,28.47
1761815697010,CH2,POWER,28.47
1761815697020,CH2,POWER,28.47
1761815697029,CH2,POWER,28.47
1761815697037,CH2,POWER,28.47
1761815697048,CH2,POWER,28.47
1761815697058,CH2,POWER,28.47
1761815697068,CH2,POWER,28.47
1761815697077,CH2,POWER,28.47
1761815697086,CH2,POWER,28.47
1761815697096,CH2,POWER,28.47
1761815697106,CH2,POWER,28.47
1761815697116,CH2,POWER,28.47
1761815697148,CH2,POWER,28.47
1761815697157,CH2,POWER,28.47
1761815697167,CH2,POWER,28.47
1761815697177,CH2,POWER,28.47
1761815697185,CH2,POWER,28.47
1761815697193,CH2,POWER,28.47
1761815697203,CH2,POWER,28.47
1761815697212,CH2,POWER,28.47
1761815697223,CH2,POWER,28.47
1761815697233,CH2,POWER,28.47
1761815697242,CH2,POWER,28.47
1761815697251,CH2,POWER,28.47
1761815697261,CH2,POWER,28.47
1761815697272,CH2,POWER,28.47
1761815697281,CH2,POWER,28.47
1761815697289,CH2,POWER,28.47
1761815697299,CH2,POWER,28.47
1761815697308,CH2,POWER,28.47
1761815697318,CH2,POWER,28.47
1761815697327,CH2,POWER,28.47
1761815697336,CH2,POWER,28.47
1761815697348,CH2,POWER,28.47
1761815697357,CH2,POWER,28.47
1761815697367,CH2,POWER,28.47
1761815697378,CH2,POWER,28.47
1761815697387,CH2,POWER,28.47
1761815697397,CH2,POWER,28.47
1761815697407,CH2,POWER,28.47
1761815697416,CH2,POWER,28.47
1761815697429,CH2,POWER,28.47
1761815697437,CH2,POWER,28.47
1761815697446,CH2,POWER,28.47
1761815697455,CH2,POWER,28.47
1761815697464,CH2,POWER,28.47
1761815697475,CH2,POWER,28.47
1761815697485,CH2,POWER,28.47
1761815697495,CH2,POWER,28.47
1761815697506,CH2,POWER,28.47
1761815697538,CH2,POWER,28.47
1761815697549,CH2,POWER,28.47
1761815697557,CH2,POWER,28.47
1761815697567,CH2,POWER,28.47
1761815697579,CH2,POWER,28.47
1761815697587,CH2,POWER,28.47
1761815697596,CH2,POWER,28.47
1761815697606,CH2,POWER,28.47
1761815697615,CH2,POWER,28.47
1761815697627,CH2,POWER,28.47
1761815697636,CH2,POWER,28.47
1761815697646,CH2,POWER,28.47
1761815697655,CH2,POWER,28.47
1761815697666,CH2,POWER,28.47
1761815697674,CH2,POWER,28.47
1761815697684,CH2,POWER,28.47
1761815697692,CH2,POWER,28.47
1761815697701,CH2,POWER,28.47
1761815697710,CH2,POWER,28.47
1761815697720,CH2,POWER,28.47
1761815697729,CH2,POWER,28.47
1761815697738,CH2,POWER,28.47
1761815697750,CH2,POWER,28.47
1761815697759,CH2,POWER,28.47
1761815697769,CH2,POWER,28.47
1761815697780,CH2,POWER,28.47
1761815697788,CH2,POWER,28.47
1761815697798,CH2,POWER,28.47
1761815697806,CH2,POWER,28.47
1761815697815,CH2,POWER,28.47
1761815697824,CH2,POWER,28.47
1761815697834,CH2,POWER,28.47
1761815697842,CH2,POWER,28.47
1761815697852,CH2,POWER,28.47
1761815697861,CH2,POWER,28.47
1761815697871,CH2,POWER,28.47
1761815697881,CH2,POWER,28.47
1761815697890,CH2,POWER,28.47
1761815697919,CH2,POWER,28.47
1761815697929,CH2,POWER,28.47
1761815697938,CH2,POWER,28.47
1761815697949,CH2,POWER,28.47
1761815697958,CH2,POWER,28.47
1761815697968,CH2,POWER,28.47
1761815697979,CH2,POWER,28.47
1761815697988,CH2,POWER,28.47
1761815697998,CH2,POWER,28.47
1761815698009,CH2,POWER,28.47
1761815698018,CH2,POWER,28.47
1761815698030,CH2,POWER,28.47
1761815698040,CH2,POWER,28.47
1761815698050,CH2,POWER,28.47
1761815698059,CH2,POWER,28.47
1761815698067,CH2,POWER,28.47
1761815698075,CH2,POWER,28.47
1761815698084,CH2,POWER,28.47
1761815698092,CH2,POWER,28.47
1761815698102,CH2,POWER,28.47
1761815698111,CH2,POWER,28.47
1761815698121,CH2,POWER,28.47
1761815698129,CH2,POWER,28.47
1761815698139,CH2,POWER,28.47
1761815698147,CH2,POWER,28.47
1761815698155,CH2,POWER,28.47
1761815698163,CH2,POWER,28.47
1761815698174,CH2,POWER,28.47
1761815698183,CH2,POWER,28.47
1761815698194,CH2,POWER,28.47
1761815698204,CH2,POWER,28.47
1761815698215,CH2,POWER,28.47
1761815698225,CH2,POWER,28.47
1761815698234,CH2,POWER,28.47
1761815698244,CH2,POWER,28.47
1761815698253,CH2,POWER,28.47
1761815698262,CH2,POWER,28.47
1761815698273,CH2,POWER,28.47
1761815698281,CH2,POWER,28.47
1761815698286,CH2,POWER,28.47
1761815698316,CH2,POWER,28.47
1761815698327,CH2,POWER,28.47
1761815698336,CH2,POWER,28.47
1761815698347,CH2,POWER,28.47
1761815698355,CH2,POWER,28.47
1761815698365,CH2,POWER,28.47
1761815698376,CH2,POWER,28.47
1761815698385,CH2,POWER,28.47
1761815698395,CH2,POWER,28.47
1761815698405,CH2,POWER,28.47
1761815698415,CH2,POWER,28.47
1761815698425,CH2,POWER,28.47
1761815698437,CH2,POWER,28.47
1761815698447,CH2,POWER,28.47
1761815698458,CH2,POWER,28.47
1761815698468,CH2,POWER,28.47
1761815698477,CH2,POWER,28.47
1761815698486,CH2,POWER,28.47
1761815698496,CH2,POWER,28.47
1761815698506,CH2,POWER,28.47
1761815698518,CH2,POWER,28.47
1761815698526,CH2,POWER,28.47
1761815698537,CH2,POWER,28.47
1761815698547,CH2,POWER,28.47
1761815698557,CH2,POWER,28.47
1761815698568,CH2,POWER,28.47
1761815698577,CH2,POWER,28.47
1761815698586,CH2,POWER,28.47
1761815698596,CH2,POWER,28.47
1761815698604,CH2,POWER,28.47
1761815698613,CH2,POWER,28.47
1761815698625,CH2,POWER,28.47
1761815698634,CH2,POWER,28.47
1761815698644,CH2,POWER,28.47
1761815698653,CH2,POWER,28.47
1761815698663,CH2,POWER,28.47
1761815698694,CH2,POWER,28.47
1761815698702,CH2,POWER,28.47
1761815698712,CH2,POWER,28.47
1761815698721,CH2,POWER,28.47
1761815698731,CH2,POWER,28.47
1761815698739,CH2,POWER,28.47
1761815698750,CH2,POWER,28.47
1761815698759,CH2,POWER,28.47
1761815698769,CH2,POWER,28.47
1761815698779,CH2,POWER,28.47
1761815698787,CH2,POWER,28.47
1761815698797,CH2,POWER,28.47
1761815698807,CH2,POWER,28.47
1761815698816,CH2,POWER,28.47
1761815698827,CH2,POWER,28.47
1761815698836,CH2,POWER,28.47
1761815698844,CH2,POWER,28.47
1761815698852,CH2,POWER,28.47
1761815698860,CH2,POWER,28.47
1761815698868,CH2,POWER,28.47
1761815698877,CH2,POWER,28.47
1761815698884,CH2,POWER,28.47
1761815698892,CH2,POWER,28.47
1761815698900,CH2,POWER,28.47
1761815698909,CH2,POWER,28.47
1761815698917,CH2,POWER,28.47
1761815698927,CH2,POWER,28.47
1761815698936,CH2,POWER,28.47
1761815698945,CH2,POWER,28.47
1761815698955,CH2,POWER,28.47
1761815698964,CH2,POWER,28.47
1761815698972,CH2,POWER,28.47
1761815698983,CH2,POWER,28.47
1761815698992,CH2,POWER,28.47
1761815699000,CH2,POWER,28.47
1761815699010,CH2,POWER,28.47
1761815699019,CH2,POWER,28.47
1761815699029,CH2,POWER,28.47
1761815699038,CH2,POWER,28.47
1761815699048,CH2,POWER,28.47
1761815699056,CH2,POWER,28.47
1761815699066,CH2,POWER,28.47
1761815699094,CH2,POWER,28.47
1761815699103,CH2,POWER,28.47
1761815699114,CH2,POWER,28.47
1761815699124,CH2,POWER,28.47
1761815699136,CH2,POWER,28.47
1761815699146,CH2,POWER,28.47
1761815699157,CH2,POWER,28.47
1761815699166,CH2,POWER,28.47
1761815699176,CH2,POWER,28.47
1761815699187,CH2,POWER,28.47
1761815699197,CH2,POWER,28.47
1761815699206,CH2,POWER,28.47
1761815699215,CH2,POWER,28.47
1761815699223,CH2,POWER,28.47
1761815699232,CH2,POWER,28.47
1761815699241,CH2,POWER,28.47
1761815699251,CH2,POWER,28.47
1761815699261,CH2,POWER,28.47
1761815699271,CH2,POWER,28.47
1761815699279,CH2,POWER,28.47
1761815699287,CH2,POWER,28.47
1761815699298,CH2,POWER,28.47
1761815699306,CH2,POWER,28.47
1761815699316,CH2,POWER,28.47
1761815699326,CH2,POWER,28.47
1761815699335,CH2,POWER,28.47
1761815699343,CH2,POWER,28.47
1761815699353,CH2,POWER,28.47
1761815699363,CH2,POWER,28.47
1761815699371,CH2,POWER,28.47
1761815699381,CH2,POWER,28.47
1761815699394,CH2,POWER,28.47
1761815699402,CH2,POWER,28.47
1761815699411,CH2,POWER,28.47
1761815699420,CH2,POWER,28.47
1761815699428,CH2,POWER,28.47
1761815699437,CH2,POWER,28.47
1761815699447,CH2,POWER,28.47
1761815699457,CH2,POWER,28.47
1761815699487,CH2,POWER,28.47
1761815699497,CH2,POWER,28.47
1761815699505,CH2,POWER,28.47
1761815699515,CH2,POWER,28.47
1761815699523,CH2,POWER,28.47
1761815699532,CH2,POWER,28.47
1761815699543,CH2,POWER,28.47
1761815699553,CH2,POWER,28.47
1761815699562,CH2,POWER,28.47
1761815699571,CH2,POWER,28.47
1761815699579,CH2,POWER,28.47
1761815699588,CH2,POWER,28.47
1761815699598,CH2,POWER,28.47
1761815699608,CH2,POWER,28.47
1761815699617,CH2,POWER,28.47
1761815699626,CH2,POWER,28.47
1761815699634,CH2,POWER,28.47
1761815699642,CH2,POWER,28.47
1761815699652,CH2,POWER,28.47
1761815699661,CH2,POWER,28.47
1761815699671,CH2,POWER,28.47
1761815699681,CH2,POWER,28.47
1761815699689,CH2,POWER,28.47
1761815699699,CH2,POWER,28.47
1761815699707,CH2,POWER,28.47
1761815699717,CH2,POWER,28.47
1761815699726,CH2,POWER,28.47
1761815699735,CH2,POWER,28.47
1761815699743,CH2,POWER,28.47
1761815699751,CH2,POWER,28.47
1761815699761,CH2,POWER,28.47
1761815699769,CH2,POWER,28.47
1761815699777,CH2,POWER,28.47
1761815699785,CH2,POWER,28.47
1761815699795,CH2,POWER,28.47
1761815699805,CH2,POWER,28.47
1761815699816,CH2,POWER,28.47
1761815699825,CH2,POWER,28.47
1761815699833,CH2,POWER,28.47
1761815699841,CH2,POWER,28.47
1761815699873,CH2,POWER,28.47
1761815699883,CH2,POWER,28.47
1761815699894,CH2,POWER,28.47
1761815699902,CH2,POWER,28.47
1761815699909,CH2,POWER,28.47
1761815699918,CH2,POWER,28.47
1761815699926,CH2,POWER,28.47
1761815699936,CH2,POWER,28.47
1761815699945,CH2,POWER,28.47
1761815699953,CH2,POWER,28.47
1761815699964,CH2,POWER,28.47
1761815699972,CH2,POWER,28.47
1761815699983,CH2,POWER,28.47
1761815699991,CH2,POWER,28.47
1761815700000,CH2,POWER,28.47
1761815700009,CH2,POWER,28.47
1761815700019,CH2,POWER,28.47
1761815700028,CH2,POWER,28.47
1761815700036,CH2,POWER,28.47
1761815700044,CH2,POWER,28.47
1761815700052,CH2,POWER,28.47
1761815700060,CH2,POWER,28.47
1761815700068,CH2,POWER,28.47
1761815700077,CH2,POWER,28.47
1761815700085,CH2,POWER,28.47
1761815700093,CH2,POWER,28.47
1761815700103,CH2,POWER,28.47
1761815700113,CH2,POWER,28.47
1761815700121,CH2,POWER,28.47
1761815700133,CH2,POWER,28.47
1761815700142,CH2,POWER,28.47
1761815700154,CH2,POWER,28.47
1761815700162,CH2,POWER,28.47
1761815700171,CH2,POWER,28.47
1761815700180,CH2,POWER,28.47
1761815700188,CH2,POWER,28.47
1761815700196,CH2,POWER,28.47
1761815700204,CH2,POWER,28.47
1761815700212,CH2,POWER,28.47
1761815700221,CH2,POWER,28.47
1761815700231,CH2,POWER,28.47
1761815700261,CH2,POWER,28.47
1761815700272,CH2,POWER,28.47
1761815700280,CH2,POWER,28.47
1761815700290,CH2,POWER,28.47
1761815700301,CH2,POWER,28.47
1761815700310,CH2,POWER,28.47
1761815700320,CH2,POWER,28.47
1761815700329,CH2,POWER,28.47
1761815700337,CH2,POWER,28.47
1761815700346,CH2,POWER,28.47
1761815700354,CH2,POWER,28.47
1761815700364,CH2,POWER,28.47
1761815700375,CH2,POWER,28.47
1761815700385,CH2,POWER,28.47
1761815700394,CH2,POWER,28.47
1761815700404,CH2,POWER,28.47
1761815700413,CH2,POWER,28.47
1761815700423,CH2,POWER,28.47
1761815700433,CH2,POWER,28.47
1761815700441,CH2,POWER,28.47
1761815700450,CH2,POWER,28.47
1761815700461,CH2,POWER,28.47
1761815700469,CH2,POWER,28.47
1761815700477,CH2,POWER,28.47
1761815700487,CH2,POWER,28.47
1761815700497,CH2,POWER,28.47
1761815700508,CH2,POWER,28.47
1761815700516,CH2,POWER,28.47
1761815700525,CH2,POWER,28.47
1761815700533,CH2,POWER,28.47
1761815700543,CH2,POWER,28.47
1761815700552,CH2,POWER,28.47
1761815700563,CH2,POWER,28.47
1761815700572,CH2,POWER,28.47
1761815700582,CH2,POWER,28.47
1761815700590,CH2,POWER,28.47
1761815700599,CH2,POWER,28.47
1761815700607,CH2,POWER,28.47
1761815700617,CH2,POWER,28.47
1761815700623,CH2,POWER,28.47
1761815700656,CH2,POWER,28.47
1761815700665,CH2,POWER,28.47
1761815700677,CH2,POWER,28.47
1761815700687,CH2,POWER,28.47
1761815700695,CH2,POWER,28.47
1761815700703,CH2,POWER,28.47
1761815700712,CH2,POWER,28.47
1761815700724,CH2,POWER,28.47
1761815700735,CH2,POWER,28.47
1761815700747,CH2,POWER,28.47
1761815700755,CH2,POWER,28.47
1761815700765,CH2,POWER,28.47
1761815700773,CH2,POWER,28.47
1761815700781,CH2,POWER,28.47
1761815700790,CH2,POWER,28.47
1761815700800,CH2,POWER,28.47
1761815700808,CH2,POWER,28.47
1761815700818,CH2,POWER,28.47
1761815700826,CH2,POWER,28.47
1761815700836,CH2,POWER,28.47
1761815700846,CH2,POWER,28.47
1761815700854,CH2,POWER,28.47
1761815700862,CH2,POWER,28.47
1761815700871,CH2,POWER,28.47
1761815700883,CH2,POWER,28.47
1761815700895,CH2,POWER,28.47
1761815700905,CH2,POWER,28.47
1761815700917,CH2,POWER,28.47
1761815700926,CH2,POWER,28.47
1761815700935,CH2,POWER,28.47
1761815700945,CH2,POWER,28.47
1761815700955,CH2,POWER,28.47
1761815700966,CH2,POWER,28.47
1761815700974,CH2,POWER,28.47
1761815700983,CH2,POWER,28.47
1761815700992,CH2,POWER,28.47
1761815701001,CH2,POWER,28.47
1761815701010,CH2,POWER,28.47
1761815701041,CH2,POWER,28.47
1761815701052,CH2,POWER,28.47
1761815701063,CH2,POWER,28.47
1761815701073,CH2,POWER,28.47
1761815701081,CH2,POWER,28.47
1761815701089,CH2,POWER,28.47
1761815701100,CH2,POWER,28.47
1761815701108,CH2,POWER,28.47
1761815701118,CH2,POWER,28.47
1761815701127,CH2,POWER,28.47
1761815701137,CH2,POWER,28.47
1761815701146,CH2,POWER,28.47
1761815701157,CH2,POWER,28.47
1761815701166,CH2,POWER,28.47
1761815701176,CH2,POWER,28.47
1761815701186,CH2,POWER,28.47
1761815701197,CH2,POWER,28.47
1761815701207,CH2,POWER,28.47
1761815701216,CH2,POWER,28.47
1761815701226,CH2,POWER,28.47
1761815701236,CH2,POWER,28.47
1761815701247,CH2,POWER,28.47
1761815701255,CH2,POWER,28.47
1761815701264,CH2,POWER,28.47
1761815701274,CH2,POWER,28.47
1761815701284,CH2,POWER,28.47
1761815701294,CH2,POWER,28.47
1761815701304,CH2,POWER,28.47
1761815701312,CH2,POWER,28.47
1761815701322,CH2,POWER,28.47
1761815701332,CH2,POWER,28.47
1761815701340,CH2,POWER,28.47
1761815701348,CH2,POWER,28.47
1761815701356,CH2,POWER,28.47
1761815701364,CH2,POWER,28.47
1761815701373,CH2,POWER,28.47
1761815701382,CH2,POWER,28.47
1761815701391,CH2,POWER,28.47
1761815701395,CH2,POWER,28.47
1761815701426,CH2,POWER,28.47
1761815701434,CH2,POWER,28.47
1761815701442,CH2,POWER,28.47
1761815701452,CH2,POWER,28.47
1761815701460,CH2,POWER,28.47
1761815701470,CH2,POWER,28.47
1761815701481,CH2,POWER,28.47
1761815701489,CH2,POWER,28.47
1761815701497,CH2,POWER,28.47
1761815701507,CH2,POWER,28.47
1761815701517,CH2,POWER,28.47
1761815701527,CH2,POWER,28.47
1761815701537,CH2,POWER,28.47
1761815701548,CH2,POWER,28.47
1761815701556,CH2,POWER,28.47
1761815701564,CH2,POWER,28.47
1761815701572,CH2,POWER,28.47
1761815701584,CH2,POWER,28.47
1761815701592,CH2,POWER,28.47
1761815701603,CH2,POWER,28.47
1761815701611,CH2,POWER,28.47
1761815701619,CH2,POWER,28.47
1761815701627,CH2,POWER,28.47
1761815701636,CH2,POWER,28.47
1761815701644,CH2,POWER,28.47
1761815701654,CH2,POWER,28.47
1761815701664,CH2,POWER,28.47
1761815701672,CH2,POWER,28.47
1761815701680,CH2,POWER,28.47
1761815701689,CH2,POWER,28.47
1761815701697,CH2,POWER,28.47
1761815701707,CH2,POWER,28.47
1761815701715,CH2,POWER,28.47
1761815701723,CH2,POWER,28.47
1761815701731,CH2,POWER,28.47
1761815701739,CH2,POWER,28.47
1761815701747,CH2,POWER,28.47
1761815701755,CH2,POWER,28.47
1761815701765,CH2,POWER,28.47
1761815701773,CH2,POWER,28.47
1761815701783,CH2,POWER,28.47
1761815701793,CH2,POWER,28.47
1761815701823,CH2,POWER,28.47
1761815701834,CH2,POWER,28.47
1761815701843,CH2,POWER,28.47
1761815701854,CH2,POWER,28.47
1761815701864,CH2,POWER,28.47
1761815701873,CH2,POWER,28.47
1761815701881,CH2,POWER,28.47
1761815701889,CH2,POWER,28.47
1761815701897,CH2,POWER,28.47
1761815701905,CH2,POWER,28.47
1761815701915,CH2,POWER,28.47
1761815701923,CH2,POWER,28.47
1761815701933,CH2,POWER,28.47
1761815701941,CH2,POWER,28.47
1761815701951,CH2,POWER,28.47
1761815701959,CH2,POWER,28.47
1761815701967,CH2,POWER,28.47
1761815701975,CH2,POWER,28.47
1761815701985,CH2,POWER,28.47
1761815701993,CH2,POWER,28.47
1761815702001,CH2,POWER,28.47
1761815702009,CH2,POWER,28.47
1761815702018,CH2,POWER,28.47
1761815702026,CH2,POWER,28.47
1761815702034,CH2,POWER,28.47
1761815702042,CH2,POWER,28.47
1761815702050,CH2,POWER,28.47
1761815702058,CH2,POWER,28.47
1761815702067,CH2,POWER,28.47
1761815702075,CH2,POWER,28.47
1761815702083,CH2,POWER,28.47
1761815702091,CH2,POWER,28.47
1761815702099,CH2,POWER,28.47
1761815702107,CH2,POWER,28.47
1761815702117,CH2,POWER,28.47
1761815702125,CH2,POWER,28.47
1761815702136,CH2,POWER,28.47
1761815702144,CH2,POWER,28.47
1761815702154,CH2,POWER,28.47
1761815702164,CH2,POWER,28.47
1761815702172,CH2,POWER,28.47
1761815702182,CH2,POWER,28.47
1761815702211,CH2,POWER,28.47
1761815702220,CH2,POWER,28.47
1761815702228,CH2,POWER,28.47
1761815702237,CH2,POWER,28.47
1761815702246,CH2,POWER,28.47
1761815702254,CH2,POWER,28.47
1761815702265,CH2,POWER,28.47
1761815702273,CH2,POWER,28.47
1761815702283,CH2,POWER,28.47
1761815702292,CH2,POWER,28.47
1761815702300,CH2,POWER,28.47
1761815702308,CH2,POWER,28.47
1761815702316,CH2,POWER,28.47
1761815702324,CH2,POWER,28.47
1761815702333,CH2,POWER,28.47
1761815702341,CH2,POWER,28.47
1761815702349,CH2,POWER,28.47
1761815702357,CH2,POWER,28.47
1761815702367,CH2,POWER,28.47
1761815702375,CH2,POWER,28.47
1761815702386,CH2,POWER,28.47
1761815702396,CH2,POWER,28.47
1761815702405,CH2,POWER,28.47
1761815702413,CH2,POWER,28.47
1761815702422,CH2,POWER,28.47
1761815702431,CH2,POWER,28.47
1761815702440,CH2,POWER,28.47
1761815702450,CH2,POWER,28.47
1761815702461,CH2,POWER,28.47
1761815702469,CH2,POWER,28.47
1761815702478,CH2,POWER,28.47
1761815702486,CH2,POWER,28.47
1761815702496,CH2,POWER,28.47
1761815702506,CH2,POWER,28.47
1761815702517,CH2,POWER,28.47
1761815702528,CH2,POWER,28.47
1761815702538,CH2,POWER,28.47
1761815702549,CH2,POWER,28.47
1761815702558,CH2,POWER,28.47
1761815702569,CH2,POWER,28.47
1761815702601,CH2,POWER,28.47
1761815702610,CH2,POWER,28.47
1761815702619,CH2,POWER,28.47
1761815702630,CH2,POWER,28.47
1761815702642,CH2,POWER,28.47
1761815702652,CH2,POWER,28.47
1761815702663,CH2,POWER,28.47
1761815702672,CH2,POWER,28.47
1761815702683,CH2,POWER,28.47
1761815702692,CH2,POWER,28.47
1761815702701,CH2,POWER,28.47
1761815702713,CH2,POWER,28.47
1761815702721,CH2,POWER,28.47
1761815702733,CH2,POWER,28.47
1761815702745,CH2,POWER,28.47
1761815702757,CH2,POWER,28.47
1761815702766,CH2,POWER,28.47
1761815702774,CH2,POWER,28.47
1761815702783,CH2,POWER,28.47
1761815702791,CH2,POWER,28.47
1761815702799,CH2,POWER,28.47
1761815702807,CH2,POWER,28.47
1761815702816,CH2,POWER,28.47
1761815702826,CH2,POWER,28.47
1761815702835,CH2,POWER,28.47
1761815702844,CH2,POWER,28.47
1761815702853,CH2,POWER,28.47
1761815702862,CH2,POWER,28.47
1761815702870,CH2,POWER,28.47
1761815702879,CH2,POWER,28.47
1761815702889,CH2,POWER,28.47
1761815702900,CH2,POWER,28.47
1761815702910,CH2,POWER,28.47
1761815702919,CH2,POWER,28.47
1761815702929,CH2,POWER,28.47
1761815702939,CH2,POWER,28.47
1761815702949,CH2,POWER,28.47
1761815702959,CH2,POWER,28.47
1761815702968,CH2,POWER,28.47
1761815702998,CH2,POWER,28.47
1761815703007,CH2,POWER,28.47
1761815703016,CH2,POWER,28.47
1761815703026,CH2,POWER,28.47
1761815703035,CH2,POWER,28.47
1761815703046,CH2,POWER,28.47
1761815703057,CH2,POWER,28.47
1761815703067,CH2,POWER,28.47
1761815703076,CH2,POWER,28.47
1761815703085,CH2,POWER,28.47
1761815703096,CH2,POWER,28.47
1761815703104,CH2,POWER,28.47
1761815703114,CH2,POWER,28.47
1761815703123,CH2,POWER,28.47
1761815703134,CH2,POWER,28.47
1761815703145,CH2,POWER,28.47
1761815703153,CH2,POWER,28.47
1761815703162,CH2,POWER,28.47
1761815703170,CH2,POWER,28.47
1761815703179,CH2,POWER,28.47
1761815703187,CH2,POWER,28.47
1761815703198,CH2,POWER,28.47
1761815703207,CH2,POWER,28.47
1761815703219,CH2,POWER,28.47
1761815703229,CH2,POWER,28.47
1761815703241,CH2,POWER,28.47
1761815703251,CH2,POWER,28.47
1761815703261,CH2,POWER,28.47
1761815703270,CH2,POWER,28.47
1761815703280,CH2,POWER,28.47
1761815703289,CH2,POWER,28.47
1761815703300,CH2,POWER,28.47
1761815703310,CH2,POWER,28.47
1761815703319,CH2,POWER,28.47
1761815703330,CH2,POWER,28.47
1761815703340,CH2,POWER,28.47
1761815703349,CH2,POWER,28.47
1761815703358,CH2,POWER,28.47
1761815703390,CH2,POWER,28.47
1761815703400,CH2,POWER,28.47
1761815703410,CH2,POWER,28.47
1761815703422,CH2,POWER,28.47
1761815703432,CH2,POWER,28.47
1761815703442,CH2,POWER,28.47
1761815703450,CH2,POWER,28.47
1761815703459,CH2,POWER,28.47
1761815703468,CH2,POWER,28.47
1761815703479,CH2,POWER,28.47
1761815703488,CH2,POWER,28.47
1761815703498,CH2,POWER,28.47
1761815703507,CH2,POWER,28.47
1761815703518,CH2,POWER,28.47
1761815703528,CH2,POWER,28.47
1761815703539,CH2,POWER,28.47
1761815703550,CH2,POWER,28.47
1761815703561,CH2,POWER,28.47
1761815703572,CH2,POWER,28.47
1761815703583,CH2,POWER,28.47
1761815703593,CH2,POWER,28.47
1761815703603,CH2,POWER,28.47
1761815703614,CH2,POWER,28.47
1761815703622,CH2,POWER,28.47
1761815703632,CH2,POWER,28.47
1761815703641,CH2,POWER,28.47
1761815703649,CH2,POWER,28.47
1761815703659,CH2,POWER,28.47
1761815703671,CH2,POWER,28.47
1761815703681,CH2,POWER,28.47
1761815703691,CH2,POWER,28.47
1761815703702,CH2,POWER,28.47
1761815703713,CH2,POWER,28.47
1761815703721,CH2,POWER,28.47
1761815703729,CH2,POWER,28.47
1761815703758,CH2,POWER,28.47
1761815703769,CH2,POWER,28.47
1761815703780,CH2,POWER,28.47
1761815703789,CH2,POWER,28.47
1761815703800,CH2,POWER,28.47
1761815703810,CH2,POWER,28.47
1761815703820,CH2,POWER,28.47
1761815703831,CH2,POWER,28.47
1761815703841,CH2,POWER,28.47
1761815703850,CH2,POWER,28.47
1761815703861,CH2,POWER,28.47
1761815703869,CH2,POWER,28.47
1761815703880,CH2,POWER,28.47
1761815703889,CH2,POWER,28.47
1761815703900,CH2,POWER,28.47
1761815703911,CH2,POWER,28.47
1761815703919,CH2,POWER,28.47
1761815703927,CH2,POWER,28.47
1761815703936,CH2,POWER,28.47
1761815703947,CH2,POWER,28.47
1761815703955,CH2,POWER,28.47
1761815703965,CH2,POWER,28.47
1761815703974,CH2,POWER,28.47
1761815703983,CH2,POWER,28.47
1761815703994,CH2,POWER,28.47
1761815704003,CH2,POWER,28.47
1761815704012,CH2,POWER,28.47
1761815704022,CH2,POWER,28.47
1761815704033,CH2,POWER,28.47
1761815704043,CH2,POWER,28.47
1761815704052,CH2,POWER,28.47
1761815704062,CH2,POWER,28.47
1761815704072,CH2,POWER,28.47
1761815704082,CH2,POWER,28.47
1761815704092,CH2,POWER,28.47
1761815704101,CH2,POWER,28.47
1761815704111,CH2,POWER,28.47
1761815704143,CH2,POWER,28.47
1761815704153,CH2,POWER,28.47
1761815704163,CH2,POWER,28.47
1761815704171,CH2,POWER,28.47
1761815704183,CH2,POWER,28.47
1761815704194,CH2,POWER,28.47
1761815704205,CH2,POWER,28.47
1761815704215,CH2,POWER,28.47
1761815704223,CH2,POWER,28.47
1761815704232,CH2,POWER,28.47
1761815704241,CH2,POWER,28.47
1761815704250,CH2,POWER,28.47
1761815704260,CH2,POWER,28.47
1761815704271,CH2,POWER,28.47
1761815704281,CH2,POWER,28.47
1761815704290,CH2,POWER,28.47
1761815704301,CH2,POWER,28.47
1761815704312,CH2,POWER,28.47
1761815704322,CH2,POWER,28.47
1761815704333,CH2,POWER,28.47
1761815704341,CH2,POWER,28.47
1761815704349,CH2,POWER,28.47
1761815704357,CH2,POWER,28.47
1761815704367,CH2,POWER,28.47
1761815704376,CH2,POWER,28.47
1761815704385,CH2,POWER,28.47
1761815704394,CH2,POWER,28.47
1761815704403,CH2,POWER,28.47
1761815704413,CH2,POWER,28.47
1761815704423,CH2,POWER,28.47
1761815704434,CH2,POWER,28.47
1761815704443,CH2,POWER,28.47
1761815704452,CH2,POWER,28.47
1761815704462,CH2,POWER,28.47
1761815704470,CH2,POWER,28.47
1761815704481,CH2,POWER,28.47
1761815704492,CH2,POWER,28.47
1761815704524,CH2,POWER,28.28
1761815704535,CH2,POWER,28.28
1761815704546,CH2,POWER,28.28
1761815704554,CH2,POWER,28.28
1761815704562,CH2,POWER,28.28
1761815704570,CH2,POWER,28.28
1761815704581,CH2,POWER,28.28
1761815704591,CH2,POWER,28.28
1761815704602,CH2,POWER,28.28
1761815704611,CH2,POWER,28.28
1761815704619,CH2,POWER,28.28
1761815704629,CH2,POWER,28.28
1761815704638,CH2,POWER,28.28
1761815704648,CH2,POWER,28.28
1761815704656,CH2,POWER,28.28
1761815704664,CH2,POWER,28.28
1761815704673,CH2,POWER,28.28
1761815704681,CH2,POWER,28.28
1761815704690,CH2,POWER,28.28
1761815704701,CH2,POWER,28.28
1761815704712,CH2,POWER,28.28
1761815704723,CH2,POWER,28.28
1761815704733,CH2,POWER,28.28
1761815704743,CH2,POWER,28.28
1761815704752,CH2,POWER,28.28
1761815704762,CH2,POWER,28.28
1761815704773,CH2,POWER,28.28
1761815704783,CH2,POWER,28.28
1761815704793,CH2,POWER,28.28
1761815704803,CH2,POWER,28.28
1761815704813,CH2,POWER,28.28
1761815704823,CH2,POWER,28.28
1761815704831,CH2,POWER,28.28
1761815704840,CH2,POWER,28.28
1761815704851,CH2,POWER,28.28
1761815704860,CH2,POWER,28.28
1761815704870,CH2,POWER,28.28
1761815704901,CH2,POWER,28.28
1761815704912,CH2,POWER,28.28
1761815704922,CH2,POWER,28.28
1761815704931,CH2,POWER,28.28
1761815704942,CH2,POWER,28.28
1761815704953,CH2,POWER,28.28
1761815704964,CH2,POWER,28.28
1761815704973,CH2,POWER,28.28
1761815704983,CH2,POWER,28.28
1761815704992,CH2,POWER,28.28
1761815705003,CH2,POWER,28.28
1761815705014,CH2,POWER,28.28
1761815705024,CH2,POWER,28.28
1761815705035,CH2,POWER,28.28
1761815705046,CH2,POWER,28.28
1761815705056,CH2,POWER,28.28
1761815705067,CH2,POWER,28.28
1761815705077,CH2,POWER,28.28
1761815705088,CH2,POWER,28.28
1761815705098,CH2,POWER,28.28
1761815705107,CH2,POWER,28.28
1761815705117,CH2,POWER,28.28
1761815705128,CH2,POWER,28.28
1761815705138,CH2,POWER,28.28
1761815705150,CH2,POWER,28.28
1761815705162,CH2,POWER,28.28
1761815705171,CH2,POWER,28.28
1761815705179,CH2,POWER,28.28
1761815705187,CH2,POWER,28.28
1761815705198,CH2,POWER,28.28
1761815705208,CH2,POWER,28.28
1761815705216,CH2,POWER,28.28
1761815705226,CH2,POWER,28.28
1761815705235,CH2,POWER,28.28
1761815705245,CH2,POWER,28.28
1761815705253,CH2,POWER,28.28
1761815705282,CH2,POWER,28.47
1761815705292,CH2,POWER,28.47
1761815705302,CH2,POWER,28.47
1761815705313,CH2,POWER,28.47
1761815705323,CH2,POWER,28.47
1761815705331,CH2,POWER,28.47
1761815705339,CH2,POWER,28.47
1761815705350,CH2,POWER,28.47
1761815705361,CH2,POWER,28.47
1761815705371,CH2,POWER,28.47
1761815705383,CH2,POWER,28.47
1761815705394,CH2,POWER,28.47
1761815705404,CH2,POWER,28.47
1761815705414,CH2,POWER,28.47
1761815705423,CH2,POWER,28.47
1761815705433,CH2,POWER,28.47
1761815705444,CH2,POWER,28.47
1761815705456,CH2,POWER,28.47
1761815705467,CH2,POWER,28.47
1761815705478,CH2,POWER,28.47
1761815705486,CH2,POWER,28.47
1761815705495,CH2,POWER,28.47
1761815705503,CH2,POWER,28.47
1761815705512,CH2,POWER,28.47
1761815705522,CH2,POWER,28.47
1761815705532,CH2,POWER,28.47
1761815705541,CH2,POWER,28.47
1761815705553,CH2,POWER,28.47
1761815705564,CH2,POWER,28.47
1761815705573,CH2,POWER,28.47
1761815705584,CH2,POWER,28.47
1761815705595,CH2,POWER,28.47
1761815705605,CH2,POWER,28.47
1761815705615,CH2,POWER,28.47
1761815705622,CH2,POWER,28.47
1761815705632,CH2,POWER,28.47
1761815705641,CH2,POWER,28.47
1761815705671,CH2,POWER,28.47
1761815705681,CH2,POWER,28.47
1761815705689,CH2,POWER,28.47
1761815705697,CH2,POWER,28.47
1761815705707,CH2,POWER,28.47
1761815705715,CH2,POWER,28.47
1761815705724,CH2,POWER,28.47
1761815705734,CH2,POWER,28.47
1761815705745,CH2,POWER,28.47
1761815705754,CH2,POWER,28.47
1761815705764,CH2,POWER,28.47
1761815705773,CH2,POWER,28.47
1761815705784,CH2,POWER,28.47
1761815705795,CH2,POWER,28.47
1761815705803,CH2,POWER,28.47
1761815705813,CH2,POWER,28.47
1761815705822,CH2,POWER,28.47
1761815705833,CH2,POWER,28.47
1761815705843,CH2,POWER,28.47
1761815705853,CH2,POWER,28.47
1761815705864,CH2,POWER,28.47
1761815705876,CH2,POWER,28.47
1761815705885,CH2,POWER,28.47
1761815705896,CH2,POWER,28.47
1761815705906,CH2,POWER,28.47
1761815705917,CH2,POWER,28.47
1761815705926,CH2,POWER,28.47
1761815705936,CH2,POWER,28.47
1761815705946,CH2,POWER,28.47
1761815705956,CH2,POWER,28.47
1761815705967,CH2,POWER,28.47
1761815705977,CH2,POWER,28.47
1761815705988,CH2,POWER,28.47
1761815705999,CH2,POWER,28.47
1761815706010,CH2,POWER,28.47
1761815706022,CH2,POWER,28.47
1761815706049,CH2,POWER,28.47
1761815706060,CH2,POWER,28.47
1761815706070,CH2,POWER,28.47
1761815706081,CH2,POWER,28.47
1761815706089,CH2,POWER,28.47
1761815706100,CH2,POWER,28.47
1761815706109,CH2,POWER,28.47
1761815706118,CH2,POWER,28.47
1761815706129,CH2,POWER,28.47
1761815706139,CH2,POWER,28.47
1761815706149,CH2,POWER,28.47
1761815706159,CH2,POWER,28.47
1761815706170,CH2,POWER,28.47
1761815706181,CH2,POWER,28.47
1761815706191,CH2,POWER,28.47
1761815706199,CH2,POWER,28.47
1761815706210,CH2,POWER,28.47
1761815706218,CH2,POWER,28.47
1761815706229,CH2,POWER,28.47
1761815706239,CH2,POWER,28.47
1761815706249,CH2,POWER,28.47
1761815706259,CH2,POWER,28.47
1761815706268,CH2,POWER,28.47
1761815706278,CH2,POWER,28.47
1761815706286,CH2,POWER,28.47
1761815706295,CH2,POWER,28.47
1761815706305,CH2,POWER,28.47
1761815706315,CH2,POWER,28.47
1761815706324,CH2,POWER,28.47
1761815706334,CH2,POWER,28.47
1761815706344,CH2,POWER,28.47
1761815706353,CH2,POWER,28.47
1761815706363,CH2,POWER,28.47
1761815706372,CH2,POWER,28.47
1761815706382,CH2,POWER,28.47
1761815706393,CH2,POWER,28.47
1761815706401,CH2,POWER,28.47
1761815706411,CH2,POWER,28.47
1761815706441,CH2,POWER,28.47
1761815706452,CH2,POWER,28.47
1761815706462,CH2,POWER,28.47
1761815706472,CH2,POWER,28.47
1761815706481,CH2,POWER,28.47
1761815706492,CH2,POWER,28.47
1761815706503,CH2,POWER,28.47
1761815706513,CH2,POWER,28.47
1761815706523,CH2,POWER,28.47
1761815706533,CH2,POWER,28.47
1761815706544,CH2,POWER,28.47
1761815706553,CH2,POWER,28.47
1761815706564,CH2,POWER,28.47
1761815706575,CH2,POWER,28.47
1761815706583,CH2,POWER,28.47
1761815706593,CH2,POWER,28.47
1761815706604,CH2,POWER,28.47
1761815706615,CH2,POWER,28.47
1761815706624,CH2,POWER,28.47
1761815706636,CH2,POWER,28.47
1761815706646,CH2,POWER,28.47
1761815706656,CH2,POWER,28.47
1761815706665,CH2,POWER,28.47
1761815706675,CH2,POWER,28.47
1761815706686,CH2,POWER,28.47
1761815706697,CH2,POWER,28.47
1761815706707,CH2,POWER,28.47
1761815706717,CH2,POWER,28.47
1761815706728,CH2,POWER,28.47
1761815706737,CH2,POWER,28.47
1761815706749,CH2,POWER,28.47
1761815706759,CH2,POWER,28.47
1761815706769,CH2,POWER,28.47
1761815706780,CH2,POWER,28.47
1761815706785,CH2,POWER,28.47
1761815706790,CH2,POWER,28.47
1761815706821,CH2,POWER,28.47
1761815706832,CH2,POWER,28.47
1761815706840,CH2,POWER,28.47
1761815706848,CH2,POWER,28.47
1761815706859,CH2,POWER,28.47
1761815706870,CH2,POWER,28.47
1761815706881,CH2,POWER,28.47
1761815706889,CH2,POWER,28.47
1761815706899,CH2,POWER,28.47
1761815706909,CH2,POWER,28.47
1761815706919,CH2,POWER,28.47
1761815706928,CH2,POWER,28.47
1761815706936,CH2,POWER,28.47
1761815706946,CH2,POWER,28.47
1761815706956,CH2,POWER,28.47
1761815706966,CH2,POWER,28.47
1761815706977,CH2,POWER,28.47
1761815706988,CH2,POWER,28.47
1761815706999,CH2,POWER,28.47
1761815707009,CH2,POWER,28.47
1761815707021,CH2,POWER,28.47
1761815707031,CH2,POWER,28.47
1761815707043,CH2,POWER,28.47
1761815707055,CH2,POWER,28.47
1761815707064,CH2,POWER,28.47
1761815707074,CH2,POWER,28.47
1761815707084,CH2,POWER,28.47
1761815707094,CH2,POWER,28.47
1761815707103,CH2,POWER,28.47
1761815707113,CH2,POWER,28.47
1761815707124,CH2,POWER,28.47
1761815707134,CH2,POWER,28.47
1761815707143,CH2,POWER,28.47
1761815707151,CH2,POWER,28.47
1761815707162,CH2,POWER,28.47
1761815707192,CH2,POWER,28.47
1761815707202,CH2,POWER,28.47
1761815707212,CH2,POWER,28.47
1761815707222,CH2,POWER,28.47
1761815707233,CH2,POWER,28.47
1761815707242,CH2,POWER,28.47
1761815707253,CH2,POWER,28.47
1761815707263,CH2,POWER,28.47
1761815707273,CH2,POWER,28.47
1761815707282,CH2,POWER,28.47
1761815707291,CH2,POWER,28.47
1761815707299,CH2,POWER,28.47
1761815707308,CH2,POWER,28.47
1761815707319,CH2,POWER,28.47
1761815707328,CH2,POWER,28.47
1761815707338,CH2,POWER,28.47
1761815707348,CH2,POWER,28.47
1761815707357,CH2,POWER,28.47
1761815707369,CH2,POWER,28.47
1761815707381,CH2,POWER,28.47
1761815707391,CH2,POWER,28.47
1761815707400,CH2,POWER,28.47
1761815707410,CH2,POWER,28.47
1761815707421,CH2,POWER,28.47
1761815707432,CH2,POWER,28.47
1761815707443,CH2,POWER,28.47
1761815707453,CH2,POWER,28.47
1761815707465,CH2,POWER,28.47
1761815707474,CH2,POWER,28.47
1761815707485,CH2,POWER,28.47
1761815707495,CH2,POWER,28.47
1761815707505,CH2,POWER,28.47
1761815707514,CH2,POWER,28.47
1761815707525,CH2,POWER,28.47
1761815707533,CH2,POWER,28.47
1761815707543,CH2,POWER,28.47
1761815707551,CH2,POWER,28.47
1761815707583,CH2,POWER,28.47
1761815707594,CH2,POWER,28.47
1761815707603,CH2,POWER,28.47
1761815707613,CH2,POWER,28.47
1761815707624,CH2,POWER,28.47
1761815707636,CH2,POWER,28.47
1761815707646,CH2,POWER,28.47
1761815707655,CH2,POWER,28.47
1761815707664,CH2,POWER,28.47
1761815707673,CH2,POWER,28.47
1761815707683,CH2,POWER,28.47
1761815707694,CH2,POWER,28.47
1761815707704,CH2,POWER,28.47
1761815707715,CH2,POWER,28.47
1761815707724,CH2,POWER,28.47
1761815707735,CH2,POWER,28.47
1761815707745,CH2,POWER,28.47
1761815707754,CH2,POWER,28.47
1761815707764,CH2,POWER,28.47
1761815707773,CH2,POWER,28.47
1761815707782,CH2,POWER,28.47
1761815707793,CH2,POWER,28.47
1761815707804,CH2,POWER,28.47
1761815707815,CH2,POWER,28.47
1761815707826,CH2,POWER,28.47
1761815707835,CH2,POWER,28.47
1761815707845,CH2,POWER,28.47
1761815707854,CH2,POWER,28.47
1761815707865,CH2,POWER,28.47
1761815707876,CH2,POWER,28.47
1761815707886,CH2,POWER,28.47
1761815707896,CH2,POWER,28.47
1761815707905,CH2,POWER,28.47
1761815707915,CH2,POWER,28.47
1761815707926,CH2,POWER,28.47
1761815707934,CH2,POWER,28.47
1761815707966,CH2,POWER,28.47
1761815707976,CH2,POWER,28.47
1761815707984,CH2,POWER,28.47
1761815707993,CH2,POWER,28.47
1761815708002,CH2,POWER,28.47
1761815708012,CH2,POWER,28.47
1761815708023,CH2,POWER,28.47
1761815708031,CH2,POWER,28.47
1761815708042,CH2,POWER,28.47
1761815708051,CH2,POWER,28.47
1761815708060,CH2,POWER,28.47
1761815708069,CH2,POWER,28.47
1761815708079,CH2,POWER,28.47
1761815708088,CH2,POWER,28.47
1761815708097,CH2,POWER,28.47
1761815708108,CH2,POWER,28.47
1761815708116,CH2,POWER,28.47
1761815708128,CH2,POWER,28.47
1761815708137,CH2,POWER,28.47
1761815708147,CH2,POWER,28.47
1761815708157,CH2,POWER,28.47
1761815708166,CH2,POWER,28.47
1761815708175,CH2,POWER,28.47
1761815708183,CH2,POWER,28.47
1761815708191,CH2,POWER,28.47
1761815708200,CH2,POWER,28.47
1761815708210,CH2,POWER,28.47
1761815708219,CH2,POWER,28.47
1761815708228,CH2,POWER,28.47
1761815708236,CH2,POWER,28.47
1761815708244,CH2,POWER,28.47
1761815708253,CH2,POWER,28.47
1761815708262,CH2,POWER,28.47
1761815708271,CH2,POWER,28.47
1761815708280,CH2,POWER,28.47
1761815708289,CH2,POWER,28.47
1761815708297,CH2,POWER,28.47
1761815708306,CH2,POWER,28.47
1761815708316,CH2,POWER,28.47
1761815708323,CH2,POWER,28.47
1761815708355,CH2,POWER,28.47
1761815708364,CH2,POWER,28.47
1761815708375,CH2,POWER,28.47
1761815708385,CH2,POWER,28.47
1761815708396,CH2,POWER,28.47
1761815708405,CH2,POWER,28.47
1761815708414,CH2,POWER,28.47
1761815708424,CH2,POWER,28.47
1761815708433,CH2,POWER,28.47
1761815708444,CH2,POWER,28.47
1761815708453,CH2,POWER,28.47
1761815708462,CH2,POWER,28.47
1761815708471,CH2,POWER,28.47
1761815708480,CH2,POWER,28.47
1761815708491,CH2,POWER,28.47
1761815708501,CH2,POWER,28.47
1761815708513,CH2,POWER,28.47
1761815708523,CH2,POWER,28.47
1761815708532,CH2,POWER,28.47
1761815708542,CH2,POWER,28.47
1761815708550,CH2,POWER,28.47
1761815708560,CH2,POWER,28.47
1761815708570,CH2,POWER,28.47
1761815708580,CH2,POWER,28.47
1761815708589,CH2,POWER,28.47
1761815708598,CH2,POWER,28.47
1761815708608,CH2,POWER,28.47
1761815708616,CH2,POWER,28.47
1761815708626,CH2,POWER,28.47
1761815708635,CH2,POWER,28.47
1761815708645,CH2,POWER,28.47
1761815708656,CH2,POWER,28.47
1761815708666,CH2,POWER,28.47
1761815708676,CH2,POWER,28.47
1761815708685,CH2,POWER,28.47
1761815708694,CH2,POWER,28.47
1761815708704,CH2,POWER,28.47
1761815708713,CH2,POWER,28.47
1761815708744,CH2,POWER,28.47
1761815708753,CH2,POWER,28.47
1761815708763,CH2,POWER,28.47
1761815708772,CH2,POWER,28.47
1761815708781,CH2,POWER,28.47
1761815708790,CH2,POWER,28.47
1761815708801,CH2,POWER,28.47
1761815708811,CH2,POWER,28.47
1761815708820,CH2,POWER,28.47
1761815708830,CH2,POWER,28.47
1761815708841,CH2,POWER,28.47
1761815708849,CH2,POWER,28.47
1761815708860,CH2,POWER,28.47
1761815708868,CH2,POWER,28.47
1761815708879,CH2,POWER,28.47
1761815708888,CH2,POWER,28.47
1761815708898,CH2,POWER,28.47
1761815708908,CH2,POWER,28.47
1761815708919,CH2,POWER,28.47
1761815708928,CH2,POWER,28.47
1761815708937,CH2,POWER,28.47
1761815708946,CH2,POWER,28.47
1761815708957,CH2,POWER,28.47
1761815708967,CH2,POWER,28.47
1761815708977,CH2,POWER,28.47
1761815708987,CH2,POWER,28.47
1761815708997,CH2,POWER,28.47
1761815709008,CH2,POWER,28.47
1761815709018,CH2,POWER,28.47
1761815709027,CH2,POWER,28.47
1761815709036,CH2,POWER,28.47
1761815709046,CH2,POWER,28.47
1761815709056,CH2,POWER,28.47
1761815709065,CH2,POWER,28.47
1761815709075,CH2,POWER,28.47
1761815709085,CH2,POWER,28.47
1761815709092,CH2,POWER,28.47
1761815709121,CH2,POWER,28.47
1761815709132,CH2,POWER,28.47
1761815709140,CH2,POWER,28.47
1761815709148,CH2,POWER,28.47
1761815709159,CH2,POWER,28.47
1761815709167,CH2,POWER,28.47
1761815709177,CH2,POWER,28.47
1761815709185,CH2,POWER,28.47
1761815709196,CH2,POWER,28.47
1761815709207,CH2,POWER,28.47
1761815709218,CH2,POWER,28.47
1761815709229,CH2,POWER,28.47
1761815709239,CH2,POWER,28.47
1761815709248,CH2,POWER,28.47
1761815709257,CH2,POWER,28.47
1761815709265,CH2,POWER,28.47
1761815709275,CH2,POWER,28.47
1761815709285,CH2,POWER,28.47
1761815709295,CH2,POWER,28.47
1761815709304,CH2,POWER,28.47
1761815709313,CH2,POWER,28.47
1761815709322,CH2,POWER,28.47
1761815709330,CH2,POWER,28.47
1761815709340,CH2,POWER,28.47
1761815709351,CH2,POWER,28.47
1761815709360,CH2,POWER,28.47
1761815709370,CH2,POWER,28.47
1761815709380,CH2,POWER,28.47
1761815709389,CH2,POWER,28.47
1761815709401,CH2,POWER,28.47
1761815709412,CH2,POWER,28.47
1761815709421,CH2,POWER,28.47
1761815709430,CH2,POWER,28.47
1761815709438,CH2,POWER,28.47
1761815709447,CH2,POWER,28.47
1761815709458,CH2,POWER,28.47
1761815709468,CH2,POWER,28.47
1761815709478,CH2,POWER,28.47
1761815709509,CH2,POWER,28.47
1761815709519,CH2,POWER,28.47
1761815709528,CH2,POWER,28.47
1761815709538,CH2,POWER,28.47
1761815709547,CH2,POWER,28.47
1761815709557,CH2,POWER,28.47
1761815709565,CH2,POWER,28.47
1761815709575,CH2,POWER,28.47
1761815709584,CH2,POWER,28.47
1761815709595,CH2,POWER,28.47
1761815709604,CH2,POWER,28.47
1761815709614,CH2,POWER,28.47
1761815709623,CH2,POWER,28.47
1761815709635,CH2,POWER,28.47
1761815709643,CH2,POWER,28.47
1761815709654,CH2,POWER,28.47
1761815709663,CH2,POWER,28.47
1761815709674,CH2,POWER,28.47
1761815709683,CH2,POWER,28.47
1761815709692,CH2,POWER,28.47
1761815709702,CH2,POWER,28.47
1761815709710,CH2,POWER,28.47
1761815709721,CH2,POWER,28.47
1761815709732,CH2,POWER,28.47
1761815709742,CH2,POWER,28.47
1761815709752,CH2,POWER,28.47
1761815709760,CH2,POWER,28.47
1761815709770,CH2,POWER,28.47
1761815709779,CH2,POWER,28.47
1761815709789,CH2,POWER,28.47
1761815709800,CH2,POWER,28.47
1761815709808,CH2,POWER,28.47
1761815709819,CH2,POWER,28.47
1761815709828,CH2,POWER,28.47
1761815709838,CH2,POWER,28.47
1761815709846,CH2,POWER,28.47
1761815709854,CH2,POWER,28.47
1761815709862,CH2,POWER,28.47
1761815709893,CH2,POWER,28.47
1761815709902,CH2,POWER,28.47
1761815709910,CH2,POWER,28.47
1761815709920,CH2,POWER,28.47
1761815709929,CH2,POWER,28.47
1761815709939,CH2,POWER,28.47
1761815709949,CH2,POWER,28.47
1761815709959,CH2,POWER,28.47
1761815709969,CH2,POWER,28.47
1761815709979,CH2,POWER,28.47
1761815709989,CH2,POWER,28.47
1761815709997,CH2,POWER,28.47
1761815710007,CH2,POWER,28.47
1761815710018,CH2,POWER,28.47
1761815710028,CH2,POWER,28.47
1761815710039,CH2,POWER,28.47
1761815710050,CH2,POWER,28.47
1761815710060,CH2,POWER,28.47
1761815710070,CH2,POWER,28.47
1761815710079,CH2,POWER,28.47
1761815710089,CH2,POWER,28.47
1761815710100,CH2,POWER,28.47
1761815710109,CH2,POWER,28.47
1761815710119,CH2,POWER,28.47
1761815710129,CH2,POWER,28.47
1761815710139,CH2,POWER,28.47
1761815710147,CH2,POWER,28.47
1761815710156,CH2,POWER,28.47
1761815710166,CH2,POWER,28.47
1761815710176,CH2,POWER,28.47
1761815710186,CH2,POWER,28.47
1761815710196,CH2,POWER,28.47
1761815710206,CH2,POWER,28.47
1761815710218,CH2,POWER,28.47
1761815710228,CH2,POWER,28.47
1761815710239,CH2,POWER,28.47
1761815710270,CH2,POWER,28.47
1761815710279,CH2,POWER,28.47
1761815710290,CH2,POWER,28.47
1761815710302,CH2,POWER,28.47
1761815710312,CH2,POWER,28.47
1761815710322,CH2,POWER,28.47
1761815710330,CH2,POWER,28.47
1761815710340,CH2,POWER,28.47
1761815710352,CH2,POWER,28.47
1761815710360,CH2,POWER,28.47
1761815710370,CH2,POWER,28.47
1761815710380,CH2,POWER,28.47
1761815710390,CH2,POWER,28.47
1761815710400,CH2,POWER,28.47
1761815710412,CH2,POWER,28.47
1761815710422,CH2,POWER,28.47
1761815710430,CH2,POWER,28.47
1761815710440,CH2,POWER,28.47
1761815710451,CH2,POWER,28.47
1761815710462,CH2,POWER,28.47
1761815710471,CH2,POWER,28.47
1761815710484,CH2,POWER,28.47
1761815710494,CH2,POWER,28.47
1761815710502,CH2,POWER,28.47
1761815710510,CH2,POWER,28.47
1761815710518,CH2,POWER,28.47
1761815710526,CH2,POWER,28.47
1761815710537,CH2,POWER,28.47
1761815710546,CH2,POWER,28.47
1761815710555,CH2,POWER,28.47
1761815710565,CH2,POWER,28.47
1761815710574,CH2,POWER,28.47
1761815710583,CH2,POWER,28.47
1761815710594,CH2,POWER,28.47
1761815710605,CH2,POWER,28.47
1761815710616,CH2,POWER,28.47
1761815710625,CH2,POWER,28.47
1761815710653,CH2,POWER,28.47
1761815710662,CH2,POWER,28.47
1761815710672,CH2,POWER,28.47
1761815710681,CH2,POWER,28.47
1761815710690,CH2,POWER,28.47
1761815710702,CH2,POWER,28.47
1761815710711,CH2,POWER,28.47
1761815710721,CH2,POWER,28.47
1761815710733,CH2,POWER,28.47
1761815710743,CH2,POWER,28.47
1761815710753,CH2,POWER,28.47
1761815710763,CH2,POWER,28.47
1761815710772,CH2,POWER,28.47
1761815710780,CH2,POWER,28.47
1761815710792,CH2,POWER,28.47
1761815710802,CH2,POWER,28.47
1761815710812,CH2,POWER,28.47
1761815710822,CH2,POWER,28.47
1761815710831,CH2,POWER,28.47
1761815710841,CH2,POWER,28.47
1761815710850,CH2,POWER,28.47
1761815710861,CH2,POWER,28.47
1761815710871,CH2,POWER,28.47
1761815710880,CH2,POWER,28.47
1761815710889,CH2,POWER,28.47
1761815710899,CH2,POWER,28.47
1761815710911,CH2,POWER,28.47
1761815710921,CH2,POWER,28.47
1761815710930,CH2,POWER,28.47
1761815710940,CH2,POWER,28.47
1761815710952,CH2,POWER,28.47
1761815710961,CH2,POWER,28.47
1761815710971,CH2,POWER,28.47
1761815710980,CH2,POWER,28.47
1761815710989,CH2,POWER,28.47
1761815710999,CH2,POWER,28.47
1761815711011,CH2,POWER,28.47
1761815711042,CH2,POWER,28.47
1761815711052,CH2,POWER,28.47
1761815711062,CH2,POWER,28.47
1761815711073,CH2,POWER,28.47
1761815711082,CH2,POWER,28.47
1761815711092,CH2,POWER,28.47
1761815711103,CH2,POWER,28.47
1761815711111,CH2,POWER,28.47
1761815711122,CH2,POWER,28.47
1761815711132,CH2,POWER,28.47
1761815711143,CH2,POWER,28.47
1761815711152,CH2,POWER,28.47
1761815711160,CH2,POWER,28.47
1761815711169,CH2,POWER,28.47
1761815711179,CH2,POWER,28.47
1761815711190,CH2,POWER,28.47
1761815711199,CH2,POWER,28.47
1761815711208,CH2,POWER,28.47
1761815711218,CH2,POWER,28.47
1761815711228,CH2,POWER,28.47
1761815711238,CH2,POWER,28.47
1761815711248,CH2,POWER,28.47
1761815711258,CH2,POWER,28.47
1761815711268,CH2,POWER,28.47
1761815711278,CH2,POWER,28.47
1761815711287,CH2,POWER,28.47
1761815711296,CH2,POWER,28.47
1761815711305,CH2,POWER,28.47
1761815711313,CH2,POWER,28.47
1761815711323,CH2,POWER,28.47
1761815711333,CH2,POWER,28.47
1761815711343,CH2,POWER,28.47
1761815711353,CH2,POWER,28.47
1761815711361,CH2,POWER,28.47
1761815711371,CH2,POWER,28.47
1761815711383,CH2,POWER,28.47
1761815711393,CH2,POWER,28.47
1761815711399,CH2,POWER,28.47
1761815711430,CH2,POWER,28.47
1761815711439,CH2,POWER,28.47
1761815711449,CH2,POWER,28.47
1761815711460,CH2,POWER,28.47
1761815711472,CH2,POWER,28.47
1761815711483,CH2,POWER,28.47
1761815711493,CH2,POWER,28.47
1761815711504,CH2,POWER,28.47
1761815711514,CH2,POWER,28.47
1761815711525,CH2,POWER,28.47
1761815711534,CH2,POWER,28.47
1761815711544,CH2,POWER,28.47
1761815711555,CH2,POWER,28.47
1761815711565,CH2,POWER,28.47
1761815711574,CH2,POWER,28.47
1761815711584,CH2,POWER,28.47
1761815711595,CH2,POWER,28.47
1761815711604,CH2,POWER,28.47
1761815711616,CH2,POWER,28.47
1761815711626,CH2,POWER,28.47
1761815711636,CH2,POWER,28.47
1761815711644,CH2,POWER,28.47
1761815711655,CH2,POWER,28.47
1761815711665,CH2,POWER,28.47
1761815711675,CH2,POWER,28.47
1761815711685,CH2,POWER,28.47
1761815711695,CH2,POWER,28.47
1761815711706,CH2,POWER,28.47
1761815711717,CH2,POWER,28.47
1761815711725,CH2,POWER,28.47
1761815711735,CH2,POWER,28.47
1761815711745,CH2,POWER,28.47
1761815711756,CH2,POWER,28.47
1761815711764,CH2,POWER,28.47
1761815711774,CH2,POWER,28.47
1761815711806,CH2,POWER,28.47
1761815711815,CH2,POWER,28.47
1761815711826,CH2,POWER,28.47
1761815711837,CH2,POWER,28.47
1761815711848,CH2,POWER,28.47
1761815711858,CH2,POWER,28.47
1761815711868,CH2,POWER,28.47
1761815711878,CH2,POWER,28.47
1761815711888,CH2,POWER,28.47
1761815711896,CH2,POWER,28.47
1761815711908,CH2,POWER,28.47
1761815711917,CH2,POWER,28.47
1761815711925,CH2,POWER,28.47
1761815711933,CH2,POWER,28.47
1761815711943,CH2,POWER,28.47
1761815711954,CH2,POWER,28.47
1761815711963,CH2,POWER,28.47
1761815711972,CH2,POWER,28.47
1761815711982,CH2,POWER,28.47
1761815711990,CH2,POWER,28.47
1761815712001,CH2,POWER,28.47
1761815712010,CH2,POWER,28.47
1761815712019,CH2,POWER,28.47
1761815712029,CH2,POWER,28.47
1761815712039,CH2,POWER,28.47
1761815712050,CH2,POWER,28.47
1761815712058,CH2,POWER,28.47
1761815712068,CH2,POWER,28.47
1761815712076,CH2,POWER,28.47
1761815712087,CH2,POWER,28.47
1761815712099,CH2,POWER,28.47
1761815712109,CH2,POWER,28.47
1761815712118,CH2,POWER,28.47
1761815712128,CH2,POWER,28.47
1761815712138,CH2,POWER,28.47
1761815712150,CH2,POWER,28.47
1761815712159,CH2,POWER,28.47
1761815712188,CH2,POWER,28.47
1761815712200,CH2,POWER,28.47
1761815712210,CH2,POWER,28.47
1761815712220,CH2,POWER,28.47
1761815712229,CH2,POWER,28.47
1761815712239,CH2,POWER,28.47
1761815712248,CH2,POWER,28.47
1761815712260,CH2,POWER,28.47
1761815712269,CH2,POWER,28.47
1761815712277,CH2,POWER,28.47
1761815712288,CH2,POWER,28.47
1761815712296,CH2,POWER,28.47
1761815712306,CH2,POWER,28.47
1761815712314,CH2,POWER,28.47
1761815712325,CH2,POWER,28.47
1761815712333,CH2,POWER,28.47
1761815712341,CH2,POWER,28.47
1761815712349,CH2,POWER,28.47
1761815712359,CH2,POWER,28.47
1761815712367,CH2,POWER,28.47
1761815712375,CH2,POWER,28.47
1761815712386,CH2,POWER,28.47
1761815712395,CH2,POWER,28.47
1761815712404,CH2,POWER,28.47
1761815712414,CH2,POWER,28.47
1761815712423,CH2,POWER,28.47
1761815712433,CH2,POWER,28.47
1761815712442,CH2,POWER,28.47
1761815712454,CH2,POWER,28.47
1761815712465,CH2,POWER,28.47
1761815712473,CH2,POWER,28.47
1761815712482,CH2,POWER,28.47
1761815712492,CH2,POWER,28.47
1761815712500,CH2,POWER,28.47
1761815712510,CH2,POWER,28.47
1761815712520,CH2,POWER,28.47
1761815712530,CH2,POWER,28.47
1761815712539,CH2,POWER,28.47
1761815712569,CH2,POWER,28.47
1761815712578,CH2,POWER,28.47
1761815712586,CH2,POWER,28.47
1761815712595,CH2,POWER,28.47
1761815712605,CH2,POWER,28.47
1761815712617,CH2,POWER,28.47
1761815712625,CH2,POWER,28.47
1761815712635,CH2,POWER,28.47
1761815712645,CH2,POWER,28.47
1761815712656,CH2,POWER,28.47
1761815712666,CH2,POWER,28.47
1761815712676,CH2,POWER,28.47
1761815712686,CH2,POWER,28.47
1761815712696,CH2,POWER,28.47
1761815712705,CH2,POWER,28.47
1761815712717,CH2,POWER,28.47
1761815712727,CH2,POWER,28.47
1761815712737,CH2,POWER,28.47
1761815712749,CH2,POWER,28.47
1761815712759,CH2,POWER,28.47
1761815712769,CH2,POWER,28.47
1761815712779,CH2,POWER,28.47
1761815712787,CH2,POWER,28.47
1761815712796,CH2,POWER,28.47
1761815712806,CH2,POWER,28.47
1761815712816,CH2,POWER,28.47
1761815712825,CH2,POWER,28.47
1761815712836,CH2,POWER,28.47
1761815712845,CH2,POWER,28.47
1761815712855,CH2,POWER,28.47
1761815712866,CH2,POWER,28.47
1761815712875,CH2,POWER,28.47
1761815712886,CH2,POWER,28.47
1761815712894,CH2,POWER,28.47
1761815712904,CH2,POWER,28.47
1761815712912,CH2,POWER,28.47
1761815712922,CH2,POWER,28.47
1761815712953,CH2,POWER,28.47
1761815712964,CH2,POWER,28.47
1761815712974,CH2,POWER,28.47
1761815712982,CH2,POWER,28.47
1761815712991,CH2,POWER,28.47
1761815713001,CH2,POWER,28.47
1761815713011,CH2,POWER,28.47
1761815713020,CH2,POWER,28.47
1761815713030,CH2,POWER,28.47
1761815713040,CH2,POWER,28.47
1761815713049,CH2,POWER,28.47
1761815713058,CH2,POWER,28.47
1761815713068,CH2,POWER,28.47
1761815713078,CH2,POWER,28.47
1761815713088,CH2,POWER,28.47
1761815713099,CH2,POWER,28.47
1761815713109,CH2,POWER,28.47
1761815713117,CH2,POWER,28.47
1761815713125,CH2,POWER,28.47
1761815713135,CH2,POWER,28.47
1761815713144,CH2,POWER,28.47
1761815713155,CH2,POWER,28.47
1761815713163,CH2,POWER,28.47
1761815713171,CH2,POWER,28.47
1761815713181,CH2,POWER,28.47
1761815713189,CH2,POWER,28.47
1761815713198,CH2,POWER,28.47
1761815713207,CH2,POWER,28.47
1761815713218,CH2,POWER,28.47
1761815713225,CH2,POWER,28.47
1761815713234,CH2,POWER,28.47
1761815713246,CH2,POWER,28.47
1761815713257,CH2,POWER,28.47
1761815713265,CH2,POWER,28.47
1761815713274,CH2,POWER,28.47
1761815713283,CH2,POWER,28.47
1761815713291,CH2,POWER,28.47
1761815713301,CH2,POWER,28.47
1761815713332,CH2,POWER,28.47
1761815713343,CH2,POWER,28.47
1761815713353,CH2,POWER,28.47
1761815713362,CH2,POWER,28.47
1761815713374,CH2,POWER,28.47
1761815713384,CH2,POWER,28.47
1761815713392,CH2,POWER,28.47
1761815713400,CH2,POWER,28.47
1761815713408,CH2,POWER,28.47
1761815713419,CH2,POWER,28.47
1761815713429,CH2,POWER,28.47
1761815713437,CH2,POWER,28.47
1761815713449,CH2,POWER,28.47
1761815713458,CH2,POWER,28.47
1761815713468,CH2,POWER,28.47
1761815713476,CH2,POWER,28.47
1761815713484,CH2,POWER,28.47
1761815713492,CH2,POWER,28.47
1761815713501,CH2,POWER,28.47
1761815713509,CH2,POWER,28.47
1761815713519,CH2,POWER,28.47
1761815713531,CH2,POWER,28.47
1761815713541,CH2,POWER,28.47
1761815713552,CH2,POWER,28.47
1761815713562,CH2,POWER,28.47
1761815713572,CH2,POWER,28.47
1761815713580,CH2,POWER,28.47
1761815713589,CH2,POWER,28.47
1761815713597,CH2,POWER,28.47
1761815713607,CH2,POWER,28.47
1761815713617,CH2,POWER,28.47
1761815713626,CH2,POWER,28.47
1761815713638,CH2,POWER,28.47
1761815713647,CH2,POWER,28.47
1761815713659,CH2,POWER,28.47
1761815713669,CH2,POWER,28.47
1761815713679,CH2,POWER,28.47
1761815713689,CH2,POWER,28.47
1761815713695,CH2,POWER,28.47
1761815713725,CH2,POWER,28.47
1761815713733,CH2,POWER,28.47
1761815713742,CH2,POWER,28.47
1761815713751,CH2,POWER,28.47
1761815713761,CH2,POWER,28.47
1761815713773,CH2,POWER,28.47
1761815713782,CH2,POWER,28.47
1761815713790,CH2,POWER,28.47
1761815713800,CH2,POWER,28.47
1761815713810,CH2,POWER,28.47
1761815713819,CH2,POWER,28.47
1761815713829,CH2,POWER,28.47
1761815713837,CH2,POWER,28.47
1761815713846,CH2,POWER,28.47
1761815713856,CH2,POWER,28.47
1761815713866,CH2,POWER,28.47
1761815713875,CH2,POWER,28.47
1761815713883,CH2,POWER,28.47
1761815713893,CH2,POWER,28.47
1761815713901,CH2,POWER,28.47
1761815713909,CH2,POWER,28.47
1761815713917,CH2,POWER,28.47
1761815713929,CH2,POWER,28.47
1761815713937,CH2,POWER,28.47
1761815713945,CH2,POWER,28.47
1761815713953,CH2,POWER,28.47
1761815713961,CH2,POWER,28.47
1761815713970,CH2,POWER,28.47
1761815713978,CH2,POWER,28.47
1761815713987,CH2,POWER,28.47
1761815713996,CH2,POWER,28.47
1761815714008,CH2,POWER,28.47
1761815714018,CH2,POWER,28.47
1761815714029,CH2,POWER,28.47
1761815714040,CH2,POWER,28.47
1761815714050,CH2,POWER,28.47
1761815714058,CH2,POWER,28.47
1761815714069,CH2,POWER,28.47
1761815714077,CH2,POWER,28.47
1761815714087,CH2,POWER,28.47
1761815714097,CH2,POWER,28.47
1761815714129,CH2,POWER,28.47
1761815714141,CH2,POWER,28.47
1761815714149,CH2,POWER,28.47
1761815714159,CH2,POWER,28.47
1761815714168,CH2,POWER,28.47
1761815714176,CH2,POWER,28.47
1761815714187,CH2,POWER,28.47
1761815714196,CH2,POWER,28.47
1761815714206,CH2,POWER,28.47
1761815714216,CH2,POWER,28.47
1761815714225,CH2,POWER,28.47
1761815714234,CH2,POWER,28.47
1761815714242,CH2,POWER,28.47
1761815714250,CH2,POWER,28.47
1761815714258,CH2,POWER,28.47
1761815714266,CH2,POWER,28.47
1761815714275,CH2,POWER,28.47
1761815714285,CH2,POWER,28.47
1761815714295,CH2,POWER,28.47
1761815714304,CH2,POWER,28.47
1761815714312,CH2,POWER,28.47
1761815714321,CH2,POWER,28.47
1761815714329,CH2,POWER,28.47
1761815714340,CH2,POWER,28.47
1761815714348,CH2,POWER,28.47
1761815714357,CH2,POWER,28.47
1761815714367,CH2,POWER,28.47
1761815714375,CH2,POWER,28.47
1761815714386,CH2,POWER,28.47
1761815714394,CH2,POWER,28.47
1761815714403,CH2,POWER,28.47
1761815714412,CH2,POWER,28.47
1761815714422,CH2,POWER,28.47
1761815714430,CH2,POWER,28.47
1761815714440,CH2,POWER,28.47
1761815714449,CH2,POWER,28.47
1761815714459,CH2,POWER,28.47
1761815714469,CH2,POWER,28.47
1761815714477,CH2,POWER,28.47
1761815714507,CH2,POWER,28.47
1761815714517,CH2,POWER,28.47
1761815714526,CH2,POWER,28.47
1761815714535,CH2,POWER,28.47
1761815714543,CH2,POWER,28.47
1761815714553,CH2,POWER,28.47
1761815714562,CH2,POWER,28.47
1761815714572,CH2,POWER,28.47
1761815714580,CH2,POWER,28.47
1761815714590,CH2,POWER,28.47
1761815714599,CH2,POWER,28.47
1761815714608,CH2,POWER,28.47
1761815714618,CH2,POWER,28.47
1761815714629,CH2,POWER,28.47
1761815714638,CH2,POWER,28.47
1761815714646,CH2,POWER,28.47
1761815714655,CH2,POWER,28.47
1761815714663,CH2,POWER,28.47
1761815714672,CH2,POWER,28.47
1761815714680,CH2,POWER,28.47
1761815714689,CH2,POWER,28.47
1761815714698,CH2,POWER,28.47
1761815714707,CH2,POWER,28.47
1761815714715,CH2,POWER,28.47
1761815714725,CH2,POWER,28.47
1761815714736,CH2,POWER,28.47
1761815714747,CH2,POWER,28.47
1761815714756,CH2,POWER,28.47
1761815714767,CH2,POWER,28.47
1761815714775,CH2,POWER,28.47
1761815714785,CH2,POWER,28.47
1761815714796,CH2,POWER,28.47
1761815714806,CH2,POWER,28.47
1761815714815,CH2,POWER,28.47
1761815714825,CH2,POWER,28.47
1761815714835,CH2,POWER,28.47
1761815714845,CH2,POWER,28.47
1761815714857,CH2,POWER,28.47
1761815714866,CH2,POWER,28.47
1761815714896,CH2,POWER,28.47
1761815714906,CH2,POWER,28.47
1761815714914,CH2,POWER,28.47
1761815714924,CH2,POWER,28.47
1761815714934,CH2,POWER,28.47
1761815714944,CH2,POWER,28.47
1761815714954,CH2,POWER,28.47
1761815714963,CH2,POWER,28.47
1761815714972,CH2,POWER,28.47
1761815714982,CH2,POWER,28.47
1761815714991,CH2,POWER,28.47
1761815715001,CH2,POWER,28.47
1761815715013,CH2,POWER,28.47
1761815715024,CH2,POWER,28.47
1761815715034,CH2,POWER,28.47
1761815715044,CH2,POWER,28.47
1761815715055,CH2,POWER,28.47
1761815715065,CH2,POWER,28.47
1761815715074,CH2,POWER,28.47
1761815715082,CH2,POWER,28.47
1761815715092,CH2,POWER,28.47
1761815715102,CH2,POWER,28.47
1761815715110,CH2,POWER,28.47
1761815715121,CH2,POWER,28.47
1761815715133,CH2,POWER,28.47
1761815715143,CH2,POWER,28.47
1761815715154,CH2,POWER,28.47
1761815715163,CH2,POWER,28.47
1761815715172,CH2,POWER,28.47
1761815715180,CH2,POWER,28.47
1761815715189,CH2,POWER,28.47
1761815715198,CH2,POWER,28.47
1761815715208,CH2,POWER,28.47
1761815715220,CH2,POWER,28.47
1761815715230,CH2,POWER,28.47
1761815715240,CH2,POWER,28.47
1761815715249,CH2,POWER,28.47
1761815715280,CH2,POWER,28.47
1761815715290,CH2,POWER,28.47
1761815715298,CH2,POWER,28.47
1761815715308,CH2,POWER,28.47
1761815715319,CH2,POWER,28.47
1761815715328,CH2,POWER,28.47
1761815715338,CH2,POWER,28.47
1761815715346,CH2,POWER,28.47
1761815715356,CH2,POWER,28.47
1761815715366,CH2,POWER,28.47
1761815715377,CH2,POWER,28.47
1761815715387,CH2,POWER,28.47
1761815715397,CH2,POWER,28.47
1761815715407,CH2,POWER,28.47
1761815715416,CH2,POWER,28.47
1761815715428,CH2,POWER,28.47
1761815715439,CH2,POWER,28.47
1761815715449,CH2,POWER,28.47
1761815715459,CH2,POWER,28.47
1761815715470,CH2,POWER,28.47
1761815715478,CH2,POWER,28.47
1761815715487,CH2,POWER,28.47
1761815715496,CH2,POWER,28.47
1761815715507,CH2,POWER,28.47
1761815715518,CH2,POWER,28.47
1761815715528,CH2,POWER,28.47
1761815715539,CH2,POWER,28.47
1761815715547,CH2,POWER,28.47
1761815715557,CH2,POWER,28.47
1761815715566,CH2,POWER,28.47
1761815715574,CH2,POWER,28.47
1761815715583,CH2,POWER,28.47
1761815715591,CH2,POWER,28.47
1761815715601,CH2,POWER,28.47
1761815715612,CH2,POWER,28.47
1761815715622,CH2,POWER,28.47
1761815715655,CH2,POWER,28.47
1761815715665,CH2,POWER,28.47
1761815715674,CH2,POWER,28.47
1761815715684,CH2,POWER,28.47
1761815715696,CH2,POWER,28.47
1761815715707,CH2,POWER,28.47
1761815715716,CH2,POWER,28.47
1761815715726,CH2,POWER,28.47
1761815715735,CH2,POWER,28.47
1761815715747,CH2,POWER,28.47
1761815715757,CH2,POWER,28.47
1761815715766,CH2,POWER,28.47
1761815715776,CH2,POWER,28.47
1761815715786,CH2,POWER,28.47
1761815715795,CH2,POWER,28.47
1761815715806,CH2,POWER,28.47
1761815715815,CH2,POWER,28.47
1761815715825,CH2,POWER,28.47
1761815715834,CH2,POWER,28.47
1761815715845,CH2,POWER,28.47
1761815715855,CH2,POWER,28.47
1761815715864,CH2,POWER,28.47
1761815715872,CH2,POWER,28.47
1761815715881,CH2,POWER,28.47
1761815715891,CH2,POWER,28.47
1761815715901,CH2,POWER,28.47
1761815715910,CH2,POWER,28.47
1761815715918,CH2,POWER,28.47
1761815715926,CH2,POWER,28.47
1761815715936,CH2,POWER,28.47
1761815715944,CH2,POWER,28.47
1761815715953,CH2,POWER,28.47
1761815715961,CH2,POWER,28.47
1761815715970,CH2,POWER,28.47
1761815715979,CH2,POWER,28.47
1761815715990,CH2,POWER,28.47
1761815715999,CH2,POWER,28.47
1761815716008,CH2,POWER,28.47
1761815716036,CH2,POWER,28.47
1761815716047,CH2,POWER,28.47
1761815716057,CH2,POWER,28.47
1761815716065,CH2,POWER,28.47
1761815716075,CH2,POWER,28.47
1761815716085,CH2,POWER,28.47
1761815716097,CH2,POWER,28.47
1761815716107,CH2,POWER,28.47
1761815716118,CH2,POWER,28.47
1761815716129,CH2,POWER,28.47
1761815716140,CH2,POWER,28.47
1761815716151,CH2,POWER,28.47
1761815716159,CH2,POWER,28.47
1761815716168,CH2,POWER,28.47
1761815716176,CH2,POWER,28.47
1761815716186,CH2,POWER,28.47
1761815716195,CH2,POWER,28.47
1761815716206,CH2,POWER,28.47
1761815716217,CH2,POWER,28.47
1761815716228,CH2,POWER,28.47
1761815716240,CH2,POWER,28.47
1761815716250,CH2,POWER,28.47
1761815716259,CH2,POWER,28.47
1761815716267,CH2,POWER,28.47
1761815716276,CH2,POWER,28.47
1761815716285,CH2,POWER,28.47
1761815716295,CH2,POWER,28.47
1761815716305,CH2,POWER,28.47
1761815716313,CH2,POWER,28.47
1761815716322,CH2,POWER,28.47
1761815716331,CH2,POWER,28.47
1761815716339,CH2,POWER,28.47
1761815716350,CH2,POWER,28.47
1761815716360,CH2,POWER,28.47
1761815716370,CH2,POWER,28.47
1761815716380,CH2,POWER,28.47
1761815716390,CH2,POWER,28.47
1761815716422,CH2,POWER,28.47
1761815716431,CH2,POWER,28.47
1761815716441,CH2,POWER,28.47
1761815716452,CH2,POWER,28.47
1761815716462,CH2,POWER,28.47
1761815716472,CH2,POWER,28.47
1761815716481,CH2,POWER,28.47
1761815716491,CH2,POWER,28.47
1761815716500,CH2,POWER,28.47
1761815716511,CH2,POWER,28.47
1761815716521,CH2,POWER,28.47
1761815716530,CH2,POWER,28.47
1761815716538,CH2,POWER,28.47
1761815716546,CH2,POWER,28.47
1761815716555,CH2,POWER,28.47
1761815716566,CH2,POWER,28.47
1761815716576,CH2,POWER,28.47
1761815716587,CH2,POWER,28.47
1761815716597,CH2,POWER,28.47
1761815716607,CH2,POWER,28.47
1761815716615,CH2,POWER,28.47
1761815716623,CH2,POWER,28.47
1761815716633,CH2,POWER,28.47
1761815716644,CH2,POWER,28.47
1761815716652,CH2,POWER,28.47
1761815716662,CH2,POWER,28.47
1761815716672,CH2,POWER,28.47
1761815716680,CH2,POWER,28.47
1761815716688,CH2,POWER,28.47
1761815716696,CH2,POWER,28.47
1761815716705,CH2,POWER,28.47
1761815716714,CH2,POWER,28.47
1761815716723,CH2,POWER,28.47
1761815716733,CH2,POWER,28.47
1761815716743,CH2,POWER,28.47
1761815716754,CH2,POWER,28.47
1761815716763,CH2,POWER,28.47
1761815716793,CH2,POWER,28.47
1761815716803,CH2,POWER,28.47
1761815716813,CH2,POWER,28.47
1761815716823,CH2,POWER,28.47
1761815716834,CH2,POWER,28.47
1761815716842,CH2,POWER,28.47
1761815716850,CH2,POWER,28.47
1761815716859,CH2,POWER,28.47
1761815716870,CH2,POWER,28.47
1761815716880,CH2,POWER,28.47
1761815716891,CH2,POWER,28.47
1761815716902,CH2,POWER,28.47
1761815716911,CH2,POWER,28.47
1761815716922,CH2,POWER,28.47
1761815716932,CH2,POWER,28.47
1761815716942,CH2,POWER,28.47
1761815716953,CH2,POWER,28.47
1761815716963,CH2,POWER,28.47
1761815716973,CH2,POWER,28.47
1761815716983,CH2,POWER,28.47
1761815716995,CH2,POWER,28.47
1761815717006,CH2,POWER,28.47
1761815717017,CH2,POWER,28.47
1761815717025,CH2,POWER,28.47
1761815717033,CH2,POWER,28.47
1761815717041,CH2,POWER,28.47
1761815717050,CH2,POWER,28.47
1761815717061,CH2,POWER,28.47
1761815717072,CH2,POWER,28.47
1761815717082,CH2,POWER,28.47
1761815717092,CH2,POWER,28.47
1761815717102,CH2,POWER,28.47
1761815717111,CH2,POWER,28.47
1761815717121,CH2,POWER,28.47
1761815717129,CH2,POWER,28.47
1761815717138,CH2,POWER,28.47
1761815717168,CH2,POWER,28.47
1761815717178,CH2,POWER,28.47
1761815717189,CH2,POWER,28.47
1761815717197,CH2,POWER,28.47
1761815717206,CH2,POWER,28.47
1761815717216,CH2,POWER,28.47
1761815717227,CH2,POWER,28.47
1761815717239,CH2,POWER,28.47
1761815717249,CH2,POWER,28.47
1761815717258,CH2,POWER,28.47
1761815717269,CH2,POWER,28.47
1761815717278,CH2,POWER,28.47
1761815717290,CH2,POWER,28.47
1761815717298,CH2,POWER,28.47
1761815717307,CH2,POWER,28.47
1761815717315,CH2,POWER,28.47
1761815717323,CH2,POWER,28.47
1761815717335,CH2,POWER,28.47
1761815717343,CH2,POWER,28.47
1761815717352,CH2,POWER,28.47
1761815717360,CH2,POWER,28.47
1761815717370,CH2,POWER,28.47
1761815717380,CH2,POWER,28.47
1761815717390,CH2,POWER,28.47
1761815717398,CH2,POWER,28.47
1761815717406,CH2,POWER,28.47
1761815717415,CH2,POWER,28.47
1761815717425,CH2,POWER,28.47
1761815717434,CH2,POWER,28.47
1761815717443,CH2,POWER,28.47
1761815717453,CH2,POWER,28.47
1761815717463,CH2,POWER,28.47
1761815717473,CH2,POWER,28.47
1761815717483,CH2,POWER,28.47
1761815717494,CH2,POWER,28.47
1761815717505,CH2,POWER,28.47
1761815717514,CH2,POWER,28.47
1761815717523,CH2,POWER,28.47
1761815717531,CH2,POWER,28.47
1761815717536,CH2,POWER,28.47
1761815717568,CH2,POWER,28.47
1761815717579,CH2,POWER,28.47
1761815717589,CH2,POWER,28.47
1761815717598,CH2,POWER,28.47
1761815717606,CH2,POWER,28.47
1761815717615,CH2,POWER,28.47
1761815717625,CH2,POWER,28.47
1761815717635,CH2,POWER,28.47
1761815717644,CH2,POWER,28.47
1761815717654,CH2,POWER,28.47
1761815717663,CH2,POWER,28.47
1761815717673,CH2,POWER,28.47
1761815717681,CH2,POWER,28.47
1761815717689,CH2,POWER,28.47
1761815717700,CH2,POWER,28.47
1761815717708,CH2,POWER,28.47
1761815717717,CH2,POWER,28.47
1761815717725,CH2,POWER,28.47
1761815717733,CH2,POWER,28.47
1761815717742,CH2,POWER,28.47
1761815717752,CH2,POWER,28.47
1761815717762,CH2,POWER,28.47
1761815717773,CH2,POWER,28.47
1761815717783,CH2,POWER,28.47
1761815717794,CH2,POWER,28.47
1761815717804,CH2,POWER,28.47
1761815717813,CH2,POWER,28.47
1761815717824,CH2,POWER,28.47
1761815717832,CH2,POWER,28.47
1761815717842,CH2,POWER,28.47
1761815717853,CH2,POWER,28.47
1761815717861,CH2,POWER,28.47
1761815717871,CH2,POWER,28.47
1761815717879,CH2,POWER,28.47
1761815717887,CH2,POWER,28.47
1761815717896,CH2,POWER,28.47
1761815717906,CH2,POWER,28.47
1761815717915,CH2,POWER,28.47
1761815717923,CH2,POWER,28.47
1761815717954,CH2,POWER,28.47
1761815717964,CH2,POWER,28.47
1761815717974,CH2,POWER,28.47
1761815717983,CH2,POWER,28.47
1761815717992,CH2,POWER,28.47
1761815718000,CH2,POWER,28.47
1761815718008,CH2,POWER,28.47
1761815718018,CH2,POWER,28.47
1761815718026,CH2,POWER,28.47
1761815718034,CH2,POWER,28.47
1761815718042,CH2,POWER,28.47
1761815718053,CH2,POWER,28.47
1761815718062,CH2,POWER,28.47
1761815718073,CH2,POWER,28.47
1761815718084,CH2,POWER,28.47
1761815718094,CH2,POWER,28.47
1761815718104,CH2,POWER,28.47
1761815718113,CH2,POWER,28.47
1761815718124,CH2,POWER,28.47
1761815718135,CH2,POWER,28.47
1761815718143,CH2,POWER,28.47
1761815718154,CH2,POWER,28.47
1761815718162,CH2,POWER,28.47
1761815718170,CH2,POWER,28.47
1761815718180,CH2,POWER,28.47
1761815718189,CH2,POWER,28.47
1761815718200,CH2,POWER,28.47
1761815718208,CH2,POWER,28.47
1761815718218,CH2,POWER,28.47
1761815718229,CH2,POWER,28.47
1761815718239,CH2,POWER,28.47
1761815718250,CH2,POWER,28.47
1761815718260,CH2,POWER,28.47
1761815718268,CH2,POWER,28.47
1761815718276,CH2,POWER,28.47
1761815718286,CH2,POWER,28.47
1761815718295,CH2,POWER,28.47
